-- phpMyAdmin SQL Dump
-- version 4.5.4.1deb2ubuntu2.1
-- http://www.phpmyadmin.net
--
-- Host: localhost
-- Generation Time: Sep 11, 2019 at 06:33 PM
-- Server version: 5.7.27-0ubuntu0.16.04.1
-- PHP Version: 7.2.19-1+ubuntu16.04.1+deb.sury.org+1

SET SQL_MODE = "NO_AUTO_VALUE_ON_ZERO";
SET time_zone = "+00:00";


/*!40101 SET @OLD_CHARACTER_SET_CLIENT=@@CHARACTER_SET_CLIENT */;
/*!40101 SET @OLD_CHARACTER_SET_RESULTS=@@CHARACTER_SET_RESULTS */;
/*!40101 SET @OLD_COLLATION_CONNECTION=@@COLLATION_CONNECTION */;
/*!40101 SET NAMES utf8mb4 */;

--
-- Database: `Report`
--

-- --------------------------------------------------------

--
-- Table structure for table `chi_so_veco`
--

CREATE TABLE `chi_so_veco` (
  `id` int(11) NOT NULL,
  `don_vi_id` int(11) NOT NULL,
  `tuy_chon_id` int(11) NOT NULL,
  `chi_so` int(11) NOT NULL,
  `thoi_gian` date DEFAULT NULL
) ENGINE=InnoDB DEFAULT CHARSET=utf8mb4 COLLATE=utf8mb4_vietnamese_ci;

--
-- Dumping data for table `chi_so_veco`
--

INSERT INTO `chi_so_veco` (`id`, `don_vi_id`, `tuy_chon_id`, `chi_so`, `thoi_gian`) VALUES
(1, 1, 1, 5622, NULL),
(2, 1, 2, 443, NULL),
(3, 1, 3, 4700, NULL),
(4, 1, 4, 418, NULL),
(5, 1, 5, 214, NULL),
(6, 1, 6, 0, NULL),
(7, 1, 7, 7, NULL),
(8, 1, 8, 105, NULL),
(9, 1, 9, 73, NULL),
(10, 1, 10, 16, NULL),
(11, 1, 11, 3, NULL),
(12, 1, 12, 16, NULL),
(13, 2, 1, 5964, NULL),
(14, 2, 2, 460, NULL),
(15, 2, 3, 4932, NULL),
(16, 2, 4, 454, NULL),
(17, 2, 5, 163, NULL),
(18, 2, 6, 2, NULL),
(19, 2, 7, 40, NULL),
(20, 2, 8, 161, NULL),
(21, 2, 9, 78, NULL),
(22, 2, 10, 7, NULL),
(23, 2, 11, 3, NULL),
(24, 2, 12, 20, NULL),
(25, 3, 1, 2951, NULL),
(26, 3, 2, 254, NULL),
(27, 3, 3, 2360, NULL),
(28, 3, 4, 310, NULL),
(29, 3, 5, 67, NULL),
(30, 3, 6, 2, NULL),
(31, 3, 7, 20, NULL),
(32, 3, 8, 202, NULL),
(33, 3, 9, 15, NULL),
(34, 3, 10, 2, NULL),
(35, 3, 11, 2, NULL),
(36, 3, 12, 10, NULL),
(37, 4, 1, 6477, NULL),
(38, 4, 2, 687, NULL),
(39, 4, 3, 5460, NULL),
(40, 4, 4, 274, NULL),
(41, 4, 5, 126, NULL),
(42, 4, 6, 1, NULL),
(43, 4, 7, 7, NULL),
(44, 4, 8, 128, NULL),
(45, 4, 9, 12, NULL),
(46, 4, 10, 0, NULL),
(47, 4, 11, 0, NULL),
(48, 4, 12, 18, NULL),
(49, 5, 1, 6130, NULL),
(50, 5, 2, 347, NULL),
(51, 5, 3, 5173, NULL),
(52, 5, 4, 370, NULL),
(53, 5, 5, 109, NULL),
(54, 5, 6, 0, NULL),
(55, 5, 7, 16, NULL),
(56, 5, 8, 195, NULL),
(57, 5, 9, 47, NULL),
(58, 5, 10, 0, NULL),
(59, 5, 11, 3, NULL),
(60, 5, 12, 15, NULL),
(61, 6, 1, 267, NULL),
(62, 6, 2, 4, NULL),
(63, 6, 3, 233, NULL),
(64, 6, 4, 17, NULL),
(65, 6, 5, 4, NULL),
(66, 6, 6, 0, NULL),
(67, 6, 7, 0, NULL),
(68, 6, 8, 3, NULL),
(69, 6, 9, 10, NULL),
(70, 6, 10, 0, NULL),
(71, 6, 11, 0, NULL),
(72, 6, 12, 16, NULL),
(73, 7, 1, 5251, NULL),
(74, 7, 2, 242, NULL),
(75, 7, 3, 4647, NULL),
(76, 7, 4, 314, NULL),
(77, 7, 5, 110, NULL),
(78, 7, 6, 6, NULL),
(79, 7, 7, 9, NULL),
(80, 7, 8, 146, NULL),
(81, 7, 9, 30, NULL),
(82, 7, 10, 0, NULL),
(83, 7, 11, 13, NULL),
(84, 7, 12, 13, NULL),
(85, 8, 1, 303, NULL),
(86, 8, 2, 11, NULL),
(87, 8, 3, 161, NULL),
(88, 8, 4, 102, NULL),
(89, 8, 5, 40, NULL),
(90, 8, 6, 0, NULL),
(91, 8, 7, 1, NULL),
(92, 8, 8, 19, NULL),
(93, 8, 9, 42, NULL),
(94, 8, 10, 0, NULL),
(95, 8, 11, 0, NULL),
(96, 8, 12, 12, NULL),
(97, 9, 1, 1, NULL),
(98, 9, 2, 0, NULL),
(99, 9, 3, 0, NULL),
(100, 9, 4, 1, NULL),
(101, 9, 5, 0, NULL),
(102, 9, 6, 0, NULL),
(103, 9, 7, 0, NULL),
(104, 9, 8, 0, NULL),
(105, 9, 9, 0, NULL),
(106, 9, 10, 1, NULL),
(107, 9, 11, 0, NULL),
(108, 9, 12, 18, NULL),
(109, 10, 1, 19, NULL),
(110, 10, 2, 4, NULL),
(111, 10, 3, 15, NULL),
(112, 10, 4, 0, NULL),
(113, 10, 5, 0, NULL),
(114, 10, 6, 0, NULL),
(115, 10, 7, 0, NULL),
(116, 10, 8, 0, NULL),
(117, 10, 9, 0, NULL),
(118, 10, 10, 0, NULL),
(119, 10, 11, 0, NULL),
(120, 10, 12, 16, NULL),
(121, 11, 1, 2293, NULL),
(122, 11, 2, 13, NULL),
(123, 11, 3, 66, NULL),
(124, 11, 4, 825, NULL),
(125, 11, 5, 329, NULL),
(126, 11, 6, 2, NULL),
(127, 11, 7, 2, NULL),
(128, 11, 8, 375, NULL),
(129, 11, 9, 117, NULL),
(130, 11, 10, 0, NULL),
(131, 11, 11, 0, NULL),
(132, 11, 12, 13, NULL),
(133, 12, 1, 1418, NULL),
(134, 12, 2, 6, NULL),
(135, 12, 3, 41, NULL),
(136, 12, 4, 1331, NULL),
(137, 12, 5, 171, NULL),
(138, 12, 6, 10, NULL),
(139, 12, 7, 0, NULL),
(140, 12, 8, 979, NULL),
(141, 12, 9, 170, NULL),
(142, 12, 10, 1, NULL),
(143, 12, 11, 0, NULL),
(144, 12, 12, 17, NULL),
(145, 13, 1, 2072, NULL),
(146, 13, 2, 4, NULL),
(147, 13, 3, 41, NULL),
(148, 13, 4, 1920, NULL),
(149, 13, 5, 133, NULL),
(150, 13, 6, 0, NULL),
(151, 13, 7, 1, NULL),
(152, 13, 8, 529, NULL),
(153, 13, 9, 1255, NULL),
(154, 13, 10, 2, NULL),
(155, 13, 11, 0, NULL),
(156, 13, 12, 13, NULL),
(157, 14, 1, 3708, NULL),
(158, 14, 2, 10, NULL),
(159, 14, 3, 595, NULL),
(160, 14, 4, 2108, NULL),
(161, 14, 5, 149, NULL),
(162, 14, 6, 0, NULL),
(163, 14, 7, 0, NULL),
(164, 14, 8, 768, NULL),
(165, 14, 9, 1191, NULL),
(166, 14, 10, 0, NULL),
(167, 14, 11, 0, NULL),
(168, 14, 12, 16, NULL),
(169, 15, 1, 835, NULL),
(170, 15, 2, 37, NULL),
(171, 15, 3, 316, NULL),
(172, 15, 4, 429, NULL),
(173, 15, 5, 65, NULL),
(174, 15, 6, 2, NULL),
(175, 15, 7, 6, NULL),
(176, 15, 8, 111, NULL),
(177, 15, 9, 236, NULL),
(178, 15, 10, 8, NULL),
(179, 15, 11, 1, NULL),
(180, 15, 12, 15, NULL),
(181, 16, 1, 407, NULL),
(182, 16, 2, 3, NULL),
(183, 16, 3, 25, NULL),
(184, 16, 4, 344, NULL),
(185, 16, 5, 50, NULL),
(186, 16, 6, 0, NULL),
(187, 16, 7, 1, NULL),
(188, 16, 8, 79, NULL),
(189, 16, 9, 213, NULL),
(190, 16, 10, 1, NULL),
(191, 16, 11, 0, NULL),
(192, 16, 12, 14, NULL),
(193, 17, 1, 0, NULL),
(194, 17, 2, 0, NULL),
(195, 17, 3, 0, NULL),
(196, 17, 4, 0, NULL),
(197, 17, 5, 0, NULL),
(198, 17, 6, 0, NULL),
(199, 17, 7, 0, NULL),
(200, 17, 8, 0, NULL),
(201, 17, 9, 0, NULL),
(202, 17, 10, 0, NULL),
(203, 17, 11, 0, NULL),
(204, 17, 12, 18, NULL),
(205, 18, 1, 13, NULL),
(206, 18, 2, 2, NULL),
(207, 18, 3, 5, NULL),
(208, 18, 4, 3, NULL),
(209, 18, 5, 2, NULL),
(210, 18, 6, 0, NULL),
(211, 18, 7, 0, NULL),
(212, 18, 8, 1, NULL),
(213, 18, 9, 0, NULL),
(214, 18, 10, 0, NULL),
(215, 18, 11, 0, NULL),
(216, 18, 12, 16, NULL),
(217, 19, 1, 715, NULL),
(218, 19, 2, 27, NULL),
(219, 19, 3, 103, NULL),
(220, 19, 4, 490, NULL),
(221, 19, 5, 117, NULL),
(222, 19, 6, 0, NULL),
(223, 19, 7, 0, NULL),
(224, 19, 8, 102, NULL),
(225, 19, 9, 268, NULL),
(226, 19, 10, 3, NULL),
(227, 19, 11, 0, NULL),
(228, 19, 12, 14, NULL),
(229, 20, 1, 168, NULL),
(230, 20, 2, 1, NULL),
(231, 20, 3, 8, NULL),
(232, 20, 4, 159, NULL),
(233, 20, 5, 10, NULL),
(234, 20, 6, 0, NULL),
(235, 20, 7, 0, NULL),
(236, 20, 8, 10, NULL),
(237, 20, 9, 139, NULL),
(238, 20, 10, 0, NULL),
(239, 20, 11, 0, NULL),
(240, 20, 12, 12, NULL),
(241, 21, 1, 474, NULL),
(242, 21, 2, 13, NULL),
(243, 21, 3, 273, NULL),
(244, 21, 4, 170, NULL),
(245, 21, 5, 20, NULL),
(246, 21, 6, 0, NULL),
(247, 21, 7, 0, NULL),
(248, 21, 8, 49, NULL),
(249, 21, 9, 100, NULL),
(250, 21, 10, 1, NULL),
(251, 21, 11, 0, NULL),
(252, 21, 12, 13, NULL),
(253, 22, 1, 146, NULL),
(254, 22, 2, 1, NULL),
(255, 22, 3, 51, NULL),
(256, 22, 4, 93, NULL),
(257, 22, 5, 6, NULL),
(258, 22, 6, 0, NULL),
(259, 22, 7, 1, NULL),
(260, 22, 8, 83, NULL),
(261, 22, 9, 2, NULL),
(262, 22, 10, 1, NULL),
(263, 22, 11, 0, NULL),
(264, 22, 12, 13, NULL),
(265, 23, 1, 140, NULL),
(266, 23, 2, 3, NULL),
(267, 23, 3, 99, NULL),
(268, 23, 4, 37, NULL),
(269, 23, 5, 15, NULL),
(270, 23, 6, 0, NULL),
(271, 23, 7, 0, NULL),
(272, 23, 8, 22, NULL),
(273, 23, 9, 0, NULL),
(274, 23, 10, 0, NULL),
(275, 23, 11, 0, NULL),
(276, 23, 12, 20, NULL),
(277, 24, 1, 0, NULL),
(278, 24, 2, 0, NULL),
(279, 24, 3, 0, NULL),
(280, 24, 4, 0, NULL),
(281, 24, 5, 0, NULL),
(282, 24, 6, 0, NULL),
(283, 24, 7, 0, NULL),
(284, 24, 8, 0, NULL),
(285, 24, 9, 0, NULL),
(286, 24, 10, 0, NULL),
(287, 24, 11, 0, NULL),
(288, 24, 12, 10, NULL),
(289, 25, 1, 17, NULL),
(290, 25, 2, 1, NULL),
(291, 25, 3, 16, NULL),
(292, 25, 4, 0, NULL),
(293, 25, 5, 0, NULL),
(294, 25, 6, 0, NULL),
(295, 25, 7, 0, NULL),
(296, 25, 8, 0, NULL),
(297, 25, 9, 0, NULL),
(298, 25, 10, 0, NULL),
(299, 25, 11, 0, NULL),
(300, 25, 12, 20, NULL),
(301, 26, 1, 262, NULL),
(302, 26, 2, 15, NULL),
(303, 26, 3, 217, NULL),
(304, 26, 4, 0, NULL),
(305, 26, 5, 0, NULL),
(306, 26, 6, 0, NULL),
(307, 26, 7, 0, NULL),
(308, 26, 8, 0, NULL),
(309, 26, 9, 0, NULL),
(310, 26, 10, 0, NULL),
(311, 26, 11, 0, NULL),
(312, 26, 12, 17, NULL),
(313, 27, 1, 140, NULL),
(314, 27, 2, 7, NULL),
(315, 27, 3, 107, NULL),
(316, 27, 4, 23, NULL),
(317, 27, 5, 12, NULL),
(318, 27, 6, 0, NULL),
(319, 27, 7, 0, NULL),
(320, 27, 8, 11, NULL),
(321, 27, 9, 0, NULL),
(322, 27, 10, 0, NULL),
(323, 27, 11, 0, NULL),
(324, 27, 12, 14, NULL),
(325, 28, 1, 906, NULL),
(326, 28, 2, 197, NULL),
(327, 28, 3, 444, NULL),
(328, 28, 4, 219, NULL),
(329, 28, 5, 53, NULL),
(330, 28, 6, 10, NULL),
(331, 28, 7, 0, NULL),
(332, 28, 8, 149, NULL),
(333, 28, 9, 4, NULL),
(334, 28, 10, 1, NULL),
(335, 28, 11, 2, NULL),
(336, 28, 12, 14, NULL),
(337, 29, 1, 1417, NULL),
(338, 29, 2, 190, NULL),
(339, 29, 3, 1032, NULL),
(340, 29, 4, 32, NULL),
(341, 29, 5, 13, NULL),
(342, 29, 6, 0, NULL),
(343, 29, 7, 0, NULL),
(344, 29, 8, 12, NULL),
(345, 29, 9, 7, NULL),
(346, 29, 10, 0, NULL),
(347, 29, 11, 0, NULL),
(348, 29, 12, 14, NULL),
(349, 30, 1, 224, NULL),
(350, 30, 2, 22, NULL),
(351, 30, 3, 126, NULL),
(352, 30, 4, 72, NULL),
(353, 30, 5, 19, NULL),
(354, 30, 6, 0, NULL),
(355, 30, 7, 1, NULL),
(356, 30, 8, 52, NULL),
(357, 30, 9, 0, NULL),
(358, 30, 10, 0, NULL),
(359, 30, 11, 0, NULL),
(360, 30, 12, 15, NULL),
(361, 31, 1, 2052, NULL),
(362, 31, 2, 555, NULL),
(363, 31, 3, 1462, NULL),
(364, 31, 4, 12, NULL),
(365, 31, 5, 6, NULL),
(366, 31, 6, 0, NULL),
(367, 31, 7, 0, NULL),
(368, 31, 8, 1, NULL),
(369, 31, 9, 5, NULL),
(370, 31, 10, 0, NULL),
(371, 31, 11, 0, NULL),
(372, 31, 12, 17, NULL),
(373, 32, 1, 1646, NULL),
(374, 32, 2, 164, NULL),
(375, 32, 3, 1459, NULL),
(376, 32, 4, 17, NULL),
(377, 32, 5, 2, NULL),
(378, 32, 6, 0, NULL),
(379, 32, 7, 0, NULL),
(380, 32, 8, 15, NULL),
(381, 32, 9, 0, NULL),
(382, 32, 10, 0, NULL),
(383, 32, 11, 0, NULL),
(384, 32, 12, 16, NULL),
(385, 33, 1, 0, NULL),
(386, 33, 2, 0, NULL),
(387, 33, 3, 0, NULL),
(388, 33, 4, 0, NULL),
(389, 33, 5, 0, NULL),
(390, 33, 6, 0, NULL),
(391, 33, 7, 0, NULL),
(392, 33, 8, 0, NULL),
(393, 33, 9, 0, NULL),
(394, 33, 10, 0, NULL),
(395, 33, 11, 0, NULL),
(396, 33, 12, 16, NULL),
(397, 34, 1, 452, NULL),
(398, 34, 2, 31, NULL),
(399, 34, 3, 254, NULL),
(400, 34, 4, 162, NULL),
(401, 34, 5, 30, NULL),
(402, 34, 6, 0, NULL),
(403, 34, 7, 2, NULL),
(404, 34, 8, 93, NULL),
(405, 34, 9, 32, NULL),
(406, 34, 10, 5, NULL),
(407, 34, 11, 0, NULL),
(408, 34, 12, 11, NULL),
(409, 35, 1, 525, NULL),
(410, 35, 2, 42, NULL),
(411, 35, 3, 338, NULL),
(412, 35, 4, 137, NULL),
(413, 35, 5, 27, NULL),
(414, 35, 6, 0, NULL),
(415, 35, 7, 1, NULL),
(416, 35, 8, 89, NULL),
(417, 35, 9, 17, NULL),
(418, 35, 10, 2, NULL),
(419, 35, 11, 1, NULL),
(420, 35, 12, 14, NULL),
(443, 11, 16, 5, '2019-08-30'),
(444, 12, 16, 10, '2019-08-30'),
(445, 13, 16, 6, '2019-08-30'),
(446, 14, 16, 2, '2019-08-30'),
(447, 15, 16, 7, '2019-08-30'),
(448, 16, 16, 1, '2019-08-30'),
(449, 17, 16, 0, '2019-08-30'),
(450, 18, 16, 0, '2019-08-30'),
(451, 19, 16, 4, '2019-08-30'),
(452, 20, 16, 0, '2019-08-30'),
(453, 21, 16, 0, '2019-08-30'),
(454, 11, 17, 8, '2019-08-30'),
(455, 12, 17, 1, '2019-08-30'),
(456, 13, 17, 5, '2019-08-30'),
(457, 14, 17, 0, '2019-08-30'),
(458, 15, 17, 8, '2019-08-30'),
(459, 16, 17, 0, '2019-08-30'),
(460, 17, 17, 7, '2019-08-30'),
(461, 18, 17, 7, '2019-08-30'),
(462, 19, 17, 20, '2019-08-30'),
(463, 20, 17, 8, '2019-08-30'),
(464, 21, 17, 11, '2019-08-30'),
(465, 11, 18, 2, '2019-08-30'),
(466, 12, 18, 0, '2019-08-30'),
(467, 13, 18, 0, '2019-08-30'),
(468, 14, 18, 0, '2019-08-30'),
(469, 15, 18, 0, '2019-08-30'),
(470, 16, 18, 0, '2019-08-30'),
(471, 17, 18, 0, '2019-08-30'),
(472, 18, 18, 0, '2019-08-30'),
(473, 19, 18, 0, '2019-08-30'),
(474, 20, 18, 0, '2019-08-30'),
(475, 21, 18, 0, '2019-08-30'),
(476, 11, 19, 3, '2019-08-30'),
(477, 12, 19, 0, '2019-08-30'),
(478, 13, 19, 0, '2019-08-30'),
(479, 14, 19, 0, '2019-08-30'),
(480, 15, 19, 0, '2019-08-30'),
(481, 16, 19, 0, '2019-08-30'),
(482, 17, 19, 0, '2019-08-30'),
(483, 18, 19, 0, '2019-08-30'),
(484, 19, 19, 0, '2019-08-30'),
(485, 20, 19, 0, '2019-08-30'),
(486, 21, 19, 0, '2019-08-30'),
(487, 11, 20, 1, '2019-08-30'),
(488, 12, 20, 0, '2019-08-30'),
(489, 13, 20, 0, '2019-08-30'),
(490, 14, 20, 0, '2019-08-30'),
(491, 15, 20, 1, '2019-08-30'),
(492, 16, 20, 0, '2019-08-30'),
(493, 17, 20, 1, '2019-08-30'),
(494, 18, 20, 0, '2019-08-30'),
(495, 19, 20, 0, '2019-08-30'),
(496, 20, 20, 0, '2019-08-30'),
(497, 21, 20, 1, '2019-08-30'),
(498, 11, 21, 1, '2019-08-30'),
(499, 12, 21, 0, '2019-08-30'),
(500, 13, 21, 0, '2019-08-30'),
(501, 14, 21, 0, '2019-08-30'),
(502, 15, 21, 0, '2019-08-30'),
(503, 16, 21, 1, '2019-08-30'),
(504, 17, 21, 0, '2019-08-30'),
(505, 18, 21, 0, '2019-08-30'),
(506, 19, 21, 0, '2019-08-30'),
(507, 20, 21, 0, '2019-08-30'),
(508, 21, 21, 0, '2019-08-30'),
(509, 11, 22, 10, '2019-08-30'),
(510, 12, 22, 0, '2019-08-30'),
(511, 13, 22, 2, '2019-08-30'),
(512, 14, 22, 1, '2019-08-30'),
(513, 15, 22, 6, '2019-08-30'),
(514, 16, 22, 1, '2019-08-30'),
(515, 17, 22, 0, '2019-08-30'),
(516, 18, 22, 0, '2019-08-30'),
(517, 19, 22, 2, '2019-08-30'),
(518, 20, 22, 0, '2019-08-30'),
(519, 21, 22, 4, '2019-08-30'),
(520, 11, 23, 3, '2019-08-30'),
(521, 12, 23, 0, '2019-08-30'),
(522, 13, 23, 2, '2019-08-30'),
(523, 14, 23, 2, '2019-08-30'),
(524, 15, 23, 0, '2019-08-30'),
(525, 16, 23, 0, '2019-08-30'),
(526, 17, 23, 5, '2019-08-30'),
(527, 18, 23, 0, '2019-08-30'),
(528, 19, 23, 0, '2019-08-30'),
(529, 20, 23, 2, '2019-08-30'),
(530, 21, 23, 2, '2019-08-30'),
(531, 37, 18, 2, '2019-08-30'),
(532, 37, 19, 3, '2019-08-30'),
(533, 37, 20, 4, '2019-08-30'),
(534, 37, 21, 2, '2019-08-30'),
(535, 37, 22, 34, '2019-08-30'),
(536, 37, 23, 18, '2019-08-30'),
(537, 37, 16, 35, '2019-08-30'),
(538, 37, 17, 75, '2019-08-30');

-- --------------------------------------------------------

--
-- Table structure for table `chi_so_voffice`
--

CREATE TABLE `chi_so_voffice` (
  `id` int(11) NOT NULL,
  `user_id` int(11) NOT NULL,
  `tuy_chon_id` int(11) NOT NULL,
  `chi_so` int(11) NOT NULL,
  `thoi_gian` date NOT NULL
) ENGINE=InnoDB DEFAULT CHARSET=utf8mb4 COLLATE=utf8mb4_vietnamese_ci;

--
-- Dumping data for table `chi_so_voffice`
--

INSERT INTO `chi_so_voffice` (`id`, `user_id`, `tuy_chon_id`, `chi_so`, `thoi_gian`) VALUES
(1, 1, 13, 4, '2019-06-30'),
(2, 2, 13, 6, '2019-06-30'),
(3, 3, 13, 12, '2019-06-30'),
(4, 4, 13, 19, '2019-06-30'),
(5, 5, 13, 29, '2019-06-30'),
(6, 6, 13, 18, '2019-06-30'),
(7, 7, 13, 18, '2019-06-30'),
(8, 8, 13, 14, '2019-06-30'),
(9, 9, 13, 10, '2019-06-30'),
(10, 10, 13, 10, '2019-06-30'),
(11, 11, 13, 8, '2019-06-30'),
(12, 12, 13, 7, '2019-06-30'),
(13, 13, 13, 4, '2019-06-30'),
(14, 14, 13, 4, '2019-06-30'),
(15, 15, 13, 3, '2019-06-30'),
(16, 16, 13, 3, '2019-06-30'),
(17, 17, 13, 1, '2019-06-30'),
(18, 18, 13, 1, '2019-06-30'),
(19, 19, 13, 1, '2019-06-30'),
(20, 20, 13, 1, '2019-06-30'),
(21, 21, 13, 0, '2019-06-30'),
(22, 22, 13, 0, '2019-06-30'),
(23, 23, 13, 0, '2019-06-30'),
(24, 24, 13, 51, '2019-06-30'),
(25, 25, 13, 33, '2019-06-30'),
(26, 26, 13, 27, '2019-06-30'),
(27, 27, 13, 26, '2019-06-30'),
(28, 28, 13, 20, '2019-06-30'),
(29, 29, 13, 19, '2019-06-30'),
(30, 30, 13, 10, '2019-06-30'),
(31, 31, 13, 9, '2019-06-30'),
(32, 32, 13, 8, '2019-06-30'),
(33, 33, 13, 6, '2019-06-30'),
(34, 34, 13, 6, '2019-06-30'),
(35, 35, 13, 4, '2019-06-30'),
(36, 36, 13, 2, '2019-06-30'),
(37, 37, 13, 1, '2019-06-30'),
(38, 38, 13, 1, '2019-06-30'),
(39, 39, 13, 0, '2019-06-30'),
(40, 40, 13, 0, '2019-06-30'),
(41, 41, 13, 0, '2019-06-30'),
(42, 42, 13, 0, '2019-06-30'),
(43, 43, 13, 0, '2019-06-30'),
(44, 44, 13, 0, '2019-06-30'),
(45, 45, 13, 56, '2019-06-30'),
(46, 46, 13, 36, '2019-06-30'),
(47, 47, 13, 23, '2019-06-30'),
(48, 48, 13, 16, '2019-06-30'),
(49, 49, 13, 16, '2019-06-30'),
(50, 50, 13, 12, '2019-06-30'),
(51, 51, 13, 9, '2019-06-30'),
(52, 52, 13, 7, '2019-06-30'),
(53, 53, 13, 4, '2019-06-30'),
(54, 54, 13, 3, '2019-06-30'),
(55, 55, 13, 2, '2019-06-30'),
(56, 56, 13, 1, '2019-06-30'),
(57, 57, 13, 1, '2019-06-30'),
(58, 58, 13, 1, '2019-06-30'),
(59, 59, 13, 0, '2019-06-30'),
(60, 60, 13, 0, '2019-06-30'),
(61, 61, 13, 0, '2019-06-30'),
(62, 62, 13, 0, '2019-06-30'),
(63, 1, 13, 4, '2019-05-30'),
(64, 2, 13, 7, '2019-05-30'),
(65, 3, 13, 18, '2019-05-30'),
(66, 4, 13, 25, '2019-05-30'),
(67, 5, 13, 24, '2019-05-30'),
(68, 6, 13, 4, '2019-05-30'),
(69, 7, 13, 2, '2019-05-30'),
(70, 8, 13, 27, '2019-05-30'),
(71, 9, 13, 5, '2019-05-30'),
(72, 10, 13, 10, '2019-05-30'),
(73, 11, 13, 4, '2019-05-30'),
(74, 12, 13, 5, '2019-05-30'),
(75, 13, 13, 0, '2019-05-30'),
(76, 14, 13, 1, '2019-05-30'),
(77, 15, 13, 6, '2019-05-30'),
(78, 16, 13, 5, '2019-05-30'),
(79, 17, 13, 5, '2019-05-30'),
(80, 18, 13, 2, '2019-05-30'),
(81, 19, 13, 6, '2019-05-30'),
(82, 20, 13, 5, '2019-05-30'),
(83, 21, 13, 0, '2019-05-30'),
(84, 22, 13, 0, '2019-05-30'),
(85, 23, 13, 2, '2019-05-30'),
(86, 24, 13, 34, '2019-05-30'),
(87, 25, 13, 16, '2019-05-30'),
(88, 26, 13, 11, '2019-05-30'),
(89, 27, 13, 24, '2019-05-30'),
(90, 28, 13, 32, '2019-05-30'),
(91, 29, 13, 15, '2019-05-30'),
(92, 30, 13, 4, '2019-05-30'),
(93, 31, 13, 42, '2019-05-30'),
(94, 32, 13, 5, '2019-05-30'),
(95, 33, 13, 8, '2019-05-30'),
(96, 34, 13, 16, '2019-05-30'),
(97, 35, 13, 2, '2019-05-30'),
(98, 36, 13, 6, '2019-05-30'),
(99, 37, 13, 0, '2019-05-30'),
(100, 38, 13, 1, '2019-05-30'),
(101, 39, 13, 0, '2019-05-30'),
(102, 40, 13, 3, '2019-05-30'),
(103, 41, 13, 0, '2019-05-30'),
(104, 42, 13, 1, '2019-05-30'),
(105, 43, 13, 1, '2019-05-30'),
(106, 44, 13, 0, '2019-05-30'),
(107, 45, 13, 43, '2019-05-30'),
(108, 46, 13, 54, '2019-05-30'),
(109, 47, 13, 10, '2019-05-30'),
(110, 48, 13, 11, '2019-05-30'),
(111, 49, 13, 14, '2019-05-30'),
(112, 50, 13, 5, '2019-05-30'),
(113, 51, 13, 7, '2019-05-30'),
(114, 52, 13, 9, '2019-05-30'),
(115, 53, 13, 5, '2019-05-30'),
(116, 54, 13, 0, '2019-05-30'),
(117, 55, 13, 0, '2019-05-30'),
(118, 56, 13, 0, '2019-05-30'),
(119, 57, 13, 1, '2019-05-30'),
(120, 58, 13, 0, '2019-05-30'),
(121, 59, 13, 3, '2019-05-30'),
(122, 60, 13, 8, '2019-05-30'),
(123, 61, 13, 14, '2019-05-30'),
(124, 62, 13, 0, '2019-05-30'),
(504, 4, 13, 39, '2019-07-30'),
(505, 5, 13, 36, '2019-07-30'),
(506, 2, 13, 12, '2019-07-30'),
(507, 1, 13, 6, '2019-07-30'),
(508, 3, 13, 7, '2019-07-30'),
(509, 59, 13, 2, '2019-07-30'),
(510, 47, 13, 12, '2019-07-30'),
(511, 48, 13, 35, '2019-07-30'),
(512, 50, 13, 9, '2019-07-30'),
(513, 60, 13, 4, '2019-07-30'),
(514, 46, 13, 51, '2019-07-30'),
(515, 57, 13, 2, '2019-07-30'),
(516, 51, 13, 2, '2019-07-30'),
(517, 49, 13, 18, '2019-07-30'),
(518, 52, 13, 5, '2019-07-30'),
(519, 55, 13, 1, '2019-07-30'),
(520, 45, 13, 110, '2019-07-30'),
(521, 54, 13, 1, '2019-07-30'),
(522, 61, 13, 2, '2019-07-30'),
(523, 53, 13, 3, '2019-07-30'),
(524, 9, 13, 14, '2019-07-30'),
(525, 8, 13, 27, '2019-07-30'),
(526, 18, 13, 12, '2019-07-30'),
(527, 15, 13, 3, '2019-07-30'),
(528, 6, 13, 27, '2019-07-30'),
(529, 12, 13, 6, '2019-07-30'),
(530, 11, 13, 1, '2019-07-30'),
(531, 10, 13, 15, '2019-07-30'),
(532, 19, 13, 1, '2019-07-30'),
(533, 16, 13, 5, '2019-07-30'),
(534, 14, 13, 4, '2019-07-30'),
(535, 17, 13, 4, '2019-07-30'),
(536, 7, 13, 8, '2019-07-30'),
(537, 28, 13, 21, '2019-07-30'),
(538, 42, 13, 4, '2019-07-30'),
(539, 35, 13, 2, '2019-07-30'),
(540, 33, 13, 14, '2019-07-30'),
(541, 38, 13, 8, '2019-07-30'),
(542, 40, 13, 13, '2019-07-30'),
(543, 30, 13, 4, '2019-07-30'),
(544, 25, 13, 22, '2019-07-30'),
(545, 37, 13, 2, '2019-07-30'),
(546, 39, 13, 1, '2019-07-30'),
(547, 32, 13, 16, '2019-07-30'),
(548, 26, 13, 31, '2019-07-30'),
(549, 36, 13, 4, '2019-07-30'),
(550, 27, 13, 21, '2019-07-30'),
(551, 34, 13, 4, '2019-07-30'),
(552, 31, 13, 10, '2019-07-30'),
(553, 29, 13, 29, '2019-07-30'),
(554, 24, 13, 42, '2019-07-30'),
(555, 13, 13, 3, '2019-07-30'),
(556, 20, 13, 0, '2019-07-30'),
(557, 21, 13, 0, '2019-07-30'),
(558, 22, 13, 0, '2019-07-30'),
(559, 23, 13, 0, '2019-07-30'),
(560, 41, 13, 0, '2019-07-30'),
(561, 43, 13, 0, '2019-07-30'),
(562, 44, 13, 0, '2019-07-30'),
(563, 56, 13, 0, '2019-07-30'),
(564, 58, 13, 0, '2019-07-30'),
(565, 62, 13, 0, '2019-07-30'),
(566, 1, 13, 8, '2019-08-30'),
(567, 2, 13, 10, '2019-08-30'),
(568, 3, 13, 18, '2019-08-30'),
(569, 4, 13, 14, '2019-08-30'),
(570, 5, 13, 18, '2019-08-30'),
(571, 6, 13, 18, '2019-08-30'),
(572, 7, 13, 0, '2019-08-30'),
(573, 8, 13, 32, '2019-08-30'),
(574, 9, 13, 14, '2019-08-30'),
(575, 10, 13, 13, '2019-08-30'),
(576, 11, 13, 12, '2019-08-30'),
(577, 12, 13, 9, '2019-08-30'),
(578, 13, 13, 3, '2019-08-30'),
(579, 14, 13, 4, '2019-08-30'),
(580, 15, 13, 0, '2019-08-30'),
(581, 16, 13, 3, '2019-08-30'),
(582, 17, 13, 3, '2019-08-30'),
(583, 18, 13, 3, '2019-08-30'),
(584, 19, 13, 0, '2019-08-30'),
(585, 20, 13, 0, '2019-08-30'),
(586, 21, 13, 0, '2019-08-30'),
(587, 22, 13, 0, '2019-08-30'),
(588, 23, 13, 0, '2019-08-30'),
(589, 24, 13, 30, '2019-08-30'),
(590, 25, 13, 36, '2019-08-30'),
(591, 26, 13, 22, '2019-08-30'),
(592, 27, 13, 0, '2019-08-30'),
(593, 28, 13, 20, '2019-08-30'),
(594, 29, 13, 21, '2019-08-30'),
(595, 30, 13, 2, '2019-08-30'),
(596, 31, 13, 11, '2019-08-30'),
(597, 32, 13, 14, '2019-08-30'),
(598, 33, 13, 9, '2019-08-30'),
(599, 34, 13, 0, '2019-08-30'),
(600, 35, 13, 0, '2019-08-30'),
(601, 36, 13, 2, '2019-08-30'),
(602, 37, 13, 9, '2019-08-30'),
(603, 38, 13, 2, '2019-08-30'),
(604, 39, 13, 1, '2019-08-30'),
(605, 40, 13, 7, '2019-08-30'),
(606, 41, 13, 0, '2019-08-30'),
(607, 42, 13, 2, '2019-08-30'),
(608, 43, 13, 5, '2019-08-30'),
(609, 44, 13, 1, '2019-08-30'),
(610, 45, 13, 134, '2019-08-30'),
(611, 46, 13, 61, '2019-08-30'),
(612, 47, 13, 9, '2019-08-30'),
(613, 48, 13, 19, '2019-08-30'),
(614, 49, 13, 14, '2019-08-30'),
(615, 50, 13, 5, '2019-08-30'),
(616, 51, 13, 4, '2019-08-30'),
(617, 52, 13, 5, '2019-08-30'),
(618, 53, 13, 3, '2019-08-30'),
(619, 54, 13, 2, '2019-08-30'),
(620, 55, 13, 0, '2019-08-30'),
(621, 56, 13, 1, '2019-08-30'),
(622, 57, 13, 0, '2019-08-30'),
(623, 58, 13, 4, '2019-08-30'),
(624, 59, 13, 0, '2019-08-30'),
(625, 60, 13, 2, '2019-08-30'),
(626, 61, 13, 10, '2019-08-30'),
(627, 62, 13, 1, '2019-08-30');

-- --------------------------------------------------------

--
-- Table structure for table `don_vi`
--

CREATE TABLE `don_vi` (
  `id` int(11) NOT NULL,
  `ten` varchar(255) COLLATE utf8mb4_vietnamese_ci DEFAULT NULL,
  `khoi` int(11) DEFAULT NULL,
  `id_veco1` int(11) DEFAULT NULL,
  `id_veco2` int(11) DEFAULT NULL
) ENGINE=InnoDB DEFAULT CHARSET=utf8mb4 COLLATE=utf8mb4_vietnamese_ci;

--
-- Dumping data for table `don_vi`
--

INSERT INTO `don_vi` (`id`, `ten`, `khoi`, `id_veco1`, `id_veco2`) VALUES
(1, 'Trung tâm Rada', 1, 3, 256),
(2, 'Trung tâm Thông tin và Tác chiến điện tử', 1, 5, 254),
(3, 'Trung tâm Quang điện tử', 1, 4, 253),
(4, 'Trung tâm Mô hình mô phỏng', 1, 6, 258),
(5, 'Trung tâm Chỉ huy điều khiển', 1, 2, 257),
(6, 'Trung tâm Kỹ thuật công nghệ - K1', 1, 741, 259),
(7, 'Trung tâm Sản xuất - K1', 1, 262, 260),
(8, 'Trung tâm DV Sau bán hàng - K1', 1, 706, 261),
(9, 'Phòng Đảm bảo chất lượng - K1', 1, 707, 262),
(10, 'Phòng Tổng hợp - K1', 1, 737, 263),
(11, 'Trung tâm Nghiên cứu thiết bị VTBR', 2, NULL, 21),
(12, 'Trung tâm Nghiên cứu CN truyền dẫn', 2, NULL, 22),
(13, 'Trung tâm Công nghệ chuyển mạch', 2, NULL, 23),
(14, 'Trung tâm OCS', 2, NULL, 24),
(15, 'Trung tâm Smart Connect', 2, NULL, 25),
(16, 'Trung tâm Nghiên cứu thiết bị y tế', 2, NULL, 26),
(17, 'Trung tâm Kỹ thuật công nghệ - K2', 2, NULL, 27),
(18, ' Phòng Quản lý sản xuất', 2, NULL, 28),
(19, 'Trung tâm Dịch vụ sau bán hàng - K2', 2, NULL, 29),
(20, 'Phòng Đảm bảo chất lượng - K2', 2, NULL, 30),
(21, 'Phòng Tổng hợp - K2', 2, NULL, 31),
(22, 'Trung tâm Chip 5G', 3, NULL, 32),
(23, 'Phòng CORE', 3, NULL, 33),
(24, 'Phòng Chiến lược', 4, NULL, 35),
(25, 'Phòng Pháp chế và KSNB', 4, NULL, 36),
(26, 'Phòng Tài chính', 4, 88, 37),
(27, 'Phòng Tổ chức lao động', 4, NULL, 38),
(28, 'Phòng Công nghệ thông tin', 4, 93, 39),
(29, 'Phòng Chính trị', 4, 92, 40),
(30, 'Văn Phòng', 4, 738, 41),
(31, 'Phòng Hành chính', 4, 91, 42),
(32, 'Phòng Khoa học công nghệ', 4, 89, 43),
(33, 'Trung tâm Mua sắm', 4, NULL, 44),
(34, 'Trung tâm Kinh doanh', 4, 465, 45),
(35, ' Trung tâm Quản lý chất lượng', 4, 85, 46),
(36, 'Khối 1', 1, NULL, NULL),
(37, 'Khối 2', 2, NULL, 19);

-- --------------------------------------------------------

--
-- Table structure for table `du_an`
--

CREATE TABLE `du_an` (
  `id` int(11) NOT NULL,
  `ma_de_tai` text COLLATE utf8_vietnamese_ci,
  `ten` text COLLATE utf8_vietnamese_ci NOT NULL,
  `donvi_id` int(11) DEFAULT NULL
) ENGINE=InnoDB DEFAULT CHARSET=utf8 COLLATE=utf8_vietnamese_ci;

--
-- Dumping data for table `du_an`
--

INSERT INTO `du_an` (`id`, `ma_de_tai`, `ten`, `donvi_id`) VALUES
(1, 'IMDB', 'Nghiên cứu xây dựng cơ sở dữ liệu trên bộ nhớ (IMDB)', 14),
(2, 'ONT', 'Nghiên cứu, thiết kế và chế thử thiết bị ONT', 12),
(3, 'EPC', 'Nghiên cứu sản xuất hệ thống mạng lõi chuyển mạch gói Evolved Packet Core (EPC) hỗ trợ 4G-LTE', 13),
(4, 'GMSC', 'Nghiên cứu phát triển hệ thống Gate MSC hỗ trợ TDM', 13),
(5, 'IMS', 'Nghiên cứu phát triển hệ thống đa phương tiện IP hỗ trợ mạng 4G (vIMS)', 13),
(6, 'Smallcell gNodeB 5G', 'Nghiên cứu, chế tạo trạm thu phát gốc Smallcell gNodeB 5G', 11),
(7, 'Site Router', 'Nghiên cứu phát triển chế tạo thiết bị Site Router', 12),
(8, 'TĐH CH HQ', 'Hệ thống tự động hóa chi huy cho Hải Quân', 5),
(9, 'MP SU-30MK2', 'Nghiên cứu, xây dựng Tổ hợp mô phỏng huấn luyện kíp chỉ huy bay và phi công Su-30MK2', 4),
(10, 'MP TSĐN', 'Nghiên cứu, thiết kế, xây dựng hệ thống Mô phỏng huấn luyện kĩ chiến thuật Trinh sát đặc nhiệm', 4),
(11, 'QĐT tầm xa', 'Nghiên cứu, thiết kế, chế tạo đài quang điện tử tầm xa trên tàu ', 3),
(12, 'V-ELINT18', 'Nghiên cứu, thiết kế và chế tạo hệ thống Radar thụ động V-ELINT18', 2),
(13, 'V-HCR', 'Hệ thống truyền dẫn vô tuyến nhảy tần tốc độ cao (V-HCR)', 2),
(14, 'VRP712/S', 'Máy vô tuyến đa băng VRP712/S', 2),
(15, 'DFE', 'Nghiên cứu thiết kế và sản xuất thử chip Digital Frontend (DFE) cho BTS 5G', 22),
(16, 'RFIC', 'Nghiên cứu thiết kế và sản xuất thử chip RFIC cho BTS 5G băng tần Sub-6GHz', 22),
(17, 'AI', 'Ứng dụng trí tuệ nhân tạo vào bài toán tự động giám sát toàn cảnh bằng công nghệ nhận diện khuôn mặt và nhận dạng người', 23),
(18, 'RA', 'Retail Analytics', 23),
(19, 'WBHF', 'HT thông tin HF băng rộng (WBHF)', 2),
(20, 'VQ2', 'Nghiên cứu, thiết kế, xây dựng, triển khai Bộ mẫu Hệ thống cảnh giới và bảo vệ vùng trời quốc gia GĐ2', 5),
(21, 'Sa bàn 4.0', 'Hệ thống Sa bàn ảo 3D', 4);

-- --------------------------------------------------------

--
-- Table structure for table `kpi_quytrinh`
--

CREATE TABLE `kpi_quytrinh` (
  `id` int(11) NOT NULL,
  `quy_trinh_id` int(11) DEFAULT NULL,
  `du_an_id` int(11) DEFAULT NULL,
  `diem` int(11) DEFAULT NULL,
  `thoigian` text COLLATE utf8_vietnamese_ci
) ENGINE=InnoDB DEFAULT CHARSET=utf8 COLLATE=utf8_vietnamese_ci;

--
-- Dumping data for table `kpi_quytrinh`
--

INSERT INTO `kpi_quytrinh` (`id`, `quy_trinh_id`, `du_an_id`, `diem`, `thoigian`) VALUES
(1, 1, 1, 82, '2019-07'),
(2, 2, 1, 0, '2019-07'),
(3, 3, 1, 0, '2019-07'),
(4, 4, 1, 75, '2019-07'),
(5, 7, 1, 39, '2019-07'),
(6, 1, 2, 58, '2019-07'),
(7, 2, 2, 69, '2019-07'),
(8, 3, 2, 78, '2019-07'),
(9, 4, 2, 49, '2019-07'),
(10, 7, 2, 64, '2019-07'),
(11, 1, 3, 89, '2019-07'),
(12, 2, 3, 0, '2019-07'),
(13, 3, 3, 0, '2019-07'),
(14, 4, 3, 71, '2019-07'),
(15, 7, 3, 40, '2019-07'),
(16, 1, 4, 64, '2019-07'),
(17, 2, 4, 0, '2019-07'),
(18, 3, 4, 0, '2019-07'),
(19, 4, 4, 68, '2019-07'),
(20, 7, 4, 33, '2019-07'),
(21, 1, 5, 90, '2019-07'),
(22, 2, 5, 0, '2019-07'),
(23, 3, 5, 0, '2019-07'),
(24, 4, 5, 69, '2019-07'),
(25, 7, 5, 40, '2019-07'),
(26, 1, 6, 70, '2019-07'),
(27, 2, 6, 100, '2019-07'),
(28, 3, 6, 53, '2019-07'),
(29, 4, 6, 100, '2019-07'),
(30, 7, 6, 81, '2019-07'),
(31, 5, 7, 71, '2019-07'),
(32, 7, 7, 71, '2019-07'),
(33, 1, 8, 56, '2019-07'),
(34, 4, 8, 58, '2019-07'),
(35, 7, 8, 57, '2019-07'),
(36, 1, 9, 82, '2019-07'),
(37, 2, 9, 69, '2019-07'),
(38, 3, 9, 43, '2019-07'),
(39, 4, 9, 72, '2019-07'),
(40, 7, 9, 67, '2019-07'),
(41, 1, 10, 77, '2019-07'),
(42, 2, 10, 52, '2019-07'),
(43, 3, 10, 39, '2019-07'),
(44, 4, 10, 61, '2019-07'),
(45, 7, 10, 57, '2019-07'),
(46, 1, 11, 92, '2019-07'),
(47, 2, 11, 43, '2019-07'),
(48, 3, 11, 35, '2019-07'),
(49, 4, 11, 10, '2019-07'),
(50, 7, 11, 45, '2019-07'),
(51, 1, 12, 81, '2019-07'),
(52, 2, 12, 80, '2019-07'),
(53, 3, 12, 93, '2019-07'),
(54, 4, 12, 96, '2019-07'),
(55, 7, 12, 87, '2019-07'),
(56, 1, 13, 97, '2019-07'),
(57, 2, 13, 94, '2019-07'),
(58, 3, 13, 97, '2019-07'),
(59, 4, 13, 89, '2019-07'),
(60, 7, 13, 94, '2019-07'),
(61, 1, 14, 92, '2019-07'),
(62, 2, 14, 84, '2019-07'),
(63, 3, 14, 100, '2019-07'),
(64, 4, 14, 80, '2019-07'),
(65, 7, 14, 89, '2019-07'),
(66, 5, 7, 76, '2019-08'),
(67, 7, 7, 76, '2019-08'),
(68, 1, 6, 90, '2019-08'),
(69, 2, 6, 88, '2019-08'),
(70, 3, 6, 100, '2019-08'),
(71, 4, 6, 83, '2019-08'),
(72, 7, 6, 90, '2019-08'),
(73, 1, 2, 94, '2019-08'),
(74, 2, 2, 90, '2019-08'),
(75, 3, 2, 97, '2019-08'),
(76, 4, 2, 84, '2019-08'),
(77, 7, 2, 91, '2019-08'),
(78, 1, 4, 67, '2019-08'),
(79, 2, 4, 0, '2019-08'),
(80, 3, 4, 0, '2019-08'),
(81, 4, 4, 71, '2019-08'),
(82, 7, 4, 69, '2019-08'),
(83, 1, 3, 93, '2019-08'),
(84, 2, 3, 0, '2019-08'),
(85, 3, 3, 0, '2019-08'),
(86, 4, 3, 71, '2019-08'),
(87, 7, 3, 82, '2019-08'),
(88, 1, 5, 94, '2019-08'),
(89, 2, 5, 0, '2019-08'),
(90, 3, 5, 0, '2019-08'),
(91, 4, 5, 68, '2019-08'),
(92, 7, 5, 81, '2019-08'),
(93, 1, 1, 83, '2019-08'),
(94, 2, 1, 0, '2019-08'),
(95, 3, 1, 0, '2019-08'),
(96, 4, 1, 76, '2019-08'),
(97, 7, 1, 80, '2019-08'),
(98, 8, 15, 0, '2019-08'),
(99, 8, 16, 0, '2019-08'),
(100, 4, 17, 69, '2019-08'),
(101, 7, 17, 69, '2019-08'),
(102, 4, 18, 78, '2019-08'),
(103, 7, 18, 78, '2019-08'),
(104, 1, 8, 56, '2019-08'),
(105, 4, 8, 53, '2019-08'),
(106, 7, 8, 54, '2019-08'),
(107, 1, 9, 64, '2019-08'),
(108, 2, 9, 86, '2019-08'),
(109, 3, 9, 37, '2019-08'),
(110, 4, 9, 53, '2019-08'),
(111, 7, 9, 60, '2019-08'),
(112, 1, 10, 64, '2019-08'),
(113, 2, 10, 22, '2019-08'),
(114, 3, 10, 21, '2019-08'),
(115, 4, 10, 54, '2019-08'),
(116, 7, 10, 41, '2019-08'),
(117, 1, 11, 91, '2019-08'),
(118, 2, 11, 52, '2019-08'),
(119, 3, 11, 21, '2019-08'),
(120, 4, 11, 95, '2019-08'),
(121, 7, 11, 64, '2019-08'),
(122, 1, 12, 81, '2019-08'),
(123, 2, 12, 71, '2019-08'),
(124, 3, 12, 79, '2019-08'),
(125, 4, 12, 91, '2019-08'),
(126, 7, 12, 81, '2019-08'),
(127, 1, 13, 62, '2019-08'),
(128, 2, 13, 92, '2019-08'),
(129, 3, 13, 90, '2019-08'),
(130, 4, 13, 44, '2019-08'),
(131, 7, 13, 72, '2019-08'),
(132, 1, 14, 83, '2019-08'),
(133, 2, 14, 47, '2019-08'),
(134, 3, 14, 96, '2019-08'),
(135, 4, 14, 66, '2019-08'),
(136, 7, 14, 73, '2019-08'),
(137, 1, 19, 61, '2019-08'),
(138, 2, 19, 70, '2019-08'),
(139, 3, 19, 80, '2019-08'),
(140, 4, 19, 64, '2019-08'),
(141, 7, 19, 69, '2019-08'),
(142, 1, 20, 41, '2019-08'),
(143, 4, 20, 47, '2019-08'),
(144, 7, 20, 44, '2019-08'),
(145, 1, 21, 80, '2019-08'),
(146, 7, 21, 80, '2019-08');

-- --------------------------------------------------------

--
-- Table structure for table `kpi_veco`
--

CREATE TABLE `kpi_veco` (
  `id` int(11) NOT NULL,
  `don_vi_id` int(11) NOT NULL,
  `tuy_chon_id` int(11) NOT NULL,
  `chi_so` int(11) NOT NULL,
  `thoi_gian` date NOT NULL,
  `updated_at` timestamp NULL DEFAULT NULL,
  `created_at` timestamp NULL DEFAULT NULL
) ENGINE=InnoDB DEFAULT CHARSET=utf8mb4 COLLATE=utf8mb4_vietnamese_ci;

--
-- Dumping data for table `kpi_veco`
--

INSERT INTO `kpi_veco` (`id`, `don_vi_id`, `tuy_chon_id`, `chi_so`, `thoi_gian`, `updated_at`, `created_at`) VALUES
(1, 1, 15, 3, '2019-07-05', NULL, NULL),
(2, 2, 15, 7, '2019-07-05', NULL, NULL),
(3, 3, 15, 10, '2019-07-05', NULL, NULL),
(4, 4, 15, 1, '2019-07-05', NULL, NULL),
(5, 5, 15, 13, '2019-07-05', NULL, NULL),
(6, 6, 15, 34, '2019-07-05', NULL, NULL),
(7, 7, 15, 1, '2019-07-05', NULL, NULL),
(8, 8, 15, 7, '2019-07-05', NULL, NULL),
(9, 9, 15, 0, '2019-07-05', NULL, NULL),
(10, 10, 15, 4, '2019-07-05', NULL, NULL),
(11, 11, 15, 0, '2019-07-05', NULL, NULL),
(12, 12, 15, 3, '2019-07-05', NULL, NULL),
(13, 13, 15, 0, '2019-07-05', NULL, NULL),
(14, 14, 15, 3, '2019-07-05', NULL, NULL),
(15, 15, 15, 2, '2019-07-05', NULL, NULL),
(16, 16, 15, 0, '2019-07-05', NULL, NULL),
(17, 17, 15, 21, '2019-07-05', NULL, NULL),
(18, 18, 15, 3, '2019-07-05', NULL, NULL),
(19, 19, 15, 0, '2019-07-05', NULL, NULL),
(20, 20, 15, 0, '2019-07-05', NULL, NULL),
(21, 21, 15, 6, '2019-07-05', NULL, NULL),
(22, 22, 15, 10, '2019-07-05', NULL, NULL),
(23, 23, 15, 1, '2019-07-05', NULL, NULL),
(24, 24, 15, 0, '2019-07-05', NULL, NULL),
(25, 25, 15, 2, '2019-07-05', NULL, NULL),
(26, 26, 15, 2, '2019-07-05', NULL, NULL),
(27, 27, 15, 7, '2019-07-05', NULL, NULL),
(28, 28, 15, 1, '2019-07-05', NULL, NULL),
(29, 29, 15, 2, '2019-07-05', NULL, NULL),
(30, 30, 15, 3, '2019-07-05', NULL, NULL),
(31, 31, 15, 5, '2019-07-05', NULL, NULL),
(32, 32, 15, 9, '2019-07-05', NULL, NULL),
(33, 33, 15, 7, '2019-07-05', NULL, NULL),
(34, 34, 15, 17, '2019-07-05', NULL, NULL),
(35, 35, 15, 12, '2019-07-05', NULL, NULL),
(36, 3, 15, 5, '2019-07-12', NULL, NULL),
(37, 10, 15, 2, '2019-07-12', NULL, NULL),
(38, 5, 15, 2, '2019-07-12', NULL, NULL),
(39, 8, 15, 3, '2019-07-12', NULL, NULL),
(40, 6, 15, 27, '2019-07-12', NULL, NULL),
(41, 4, 15, 1, '2019-07-12', NULL, NULL),
(42, 1, 15, 7, '2019-07-12', NULL, NULL),
(43, 7, 15, 2, '2019-07-12', NULL, NULL),
(44, 2, 15, 3, '2019-07-12', NULL, NULL),
(45, 31, 15, 5, '2019-07-12', NULL, NULL),
(46, 26, 15, 3, '2019-07-12', NULL, NULL),
(47, 27, 15, 8, '2019-07-12', NULL, NULL),
(48, 32, 15, 2, '2019-07-12', NULL, NULL),
(49, 34, 15, 5, '2019-07-12', NULL, NULL),
(50, 33, 15, 10, '2019-07-12', NULL, NULL),
(51, 9, 15, 4, '2019-07-12', NULL, NULL),
(52, 11, 15, 0, '2019-07-12', NULL, NULL),
(53, 12, 15, 1, '2019-07-12', NULL, NULL),
(54, 13, 15, 0, '2019-07-12', NULL, NULL),
(55, 14, 15, 0, '2019-07-12', NULL, NULL),
(56, 15, 15, 2, '2019-07-12', NULL, NULL),
(57, 16, 15, 0, '2019-07-12', NULL, NULL),
(58, 17, 15, 19, '2019-07-12', NULL, NULL),
(59, 18, 15, 3, '2019-07-12', NULL, NULL),
(60, 19, 15, 0, '2019-07-12', NULL, NULL),
(61, 20, 15, 0, '2019-07-12', NULL, NULL),
(62, 21, 15, 5, '2019-07-12', NULL, NULL),
(63, 22, 15, 5, '2019-07-12', NULL, NULL),
(64, 23, 15, 0, '2019-07-12', NULL, NULL),
(65, 24, 15, 1, '2019-07-12', NULL, NULL),
(66, 25, 15, 0, '2019-07-12', NULL, NULL),
(67, 28, 15, 2, '2019-07-12', NULL, NULL),
(68, 29, 15, 0, '2019-07-12', NULL, NULL),
(69, 35, 15, 10, '2019-07-12', NULL, NULL),
(70, 30, 15, 2, '2019-07-12', NULL, NULL),
(71, 1, 15, 2, '2019-07-19', NULL, NULL),
(72, 2, 15, 14, '2019-07-19', NULL, NULL),
(73, 3, 15, 6, '2019-07-19', NULL, NULL),
(74, 4, 15, 0, '2019-07-19', NULL, NULL),
(75, 5, 15, 5, '2019-07-19', NULL, NULL),
(76, 6, 15, 37, '2019-07-19', NULL, NULL),
(77, 7, 15, 5, '2019-07-19', NULL, NULL),
(78, 8, 15, 5, '2019-07-19', NULL, NULL),
(79, 9, 15, 0, '2019-07-19', NULL, NULL),
(80, 10, 15, 3, '2019-07-19', NULL, NULL),
(81, 11, 15, 10, '2019-07-19', NULL, NULL),
(82, 12, 15, 3, '2019-07-19', NULL, NULL),
(83, 13, 15, 1, '2019-07-19', NULL, NULL),
(84, 14, 15, 2, '2019-07-19', NULL, NULL),
(85, 15, 15, 3, '2019-07-19', NULL, NULL),
(86, 16, 15, 3, '2019-07-19', NULL, NULL),
(87, 17, 15, 79, '2019-07-19', NULL, NULL),
(88, 18, 15, 3, '2019-07-19', NULL, NULL),
(89, 19, 15, 1, '2019-07-19', NULL, NULL),
(90, 20, 15, 2, '2019-07-19', NULL, NULL),
(91, 21, 15, 5, '2019-07-19', NULL, NULL),
(92, 22, 15, 7, '2019-07-19', NULL, NULL),
(93, 23, 15, 0, '2019-07-19', NULL, NULL),
(94, 24, 15, 1, '2019-07-19', NULL, NULL),
(95, 25, 15, 1, '2019-07-19', NULL, NULL),
(96, 26, 15, 1, '2019-07-19', NULL, NULL),
(97, 27, 15, 6, '2019-07-19', NULL, NULL),
(98, 28, 15, 5, '2019-07-19', NULL, NULL),
(99, 29, 15, 1, '2019-07-19', NULL, NULL),
(100, 30, 15, 2, '2019-07-19', NULL, NULL),
(101, 31, 15, 3, '2019-07-19', NULL, NULL),
(102, 32, 15, 5, '2019-07-19', NULL, NULL),
(103, 33, 15, 7, '2019-07-19', NULL, NULL),
(104, 34, 15, 16, '2019-07-19', NULL, NULL),
(105, 35, 15, 10, '2019-07-19', NULL, NULL),
(106, 1, 15, 2, '2019-08-02', NULL, NULL),
(107, 2, 15, 10, '2019-08-02', NULL, NULL),
(108, 3, 15, 4, '2019-08-02', NULL, NULL),
(109, 4, 15, 0, '2019-08-02', NULL, NULL),
(110, 5, 15, 7, '2019-08-02', NULL, NULL),
(111, 6, 15, 39, '2019-08-02', NULL, NULL),
(112, 7, 15, 3, '2019-08-02', NULL, NULL),
(113, 8, 15, 5, '2019-08-02', NULL, NULL),
(114, 9, 15, 0, '2019-08-02', NULL, NULL),
(115, 10, 15, 2, '2019-08-02', NULL, NULL),
(116, 11, 15, 0, '2019-08-02', NULL, NULL),
(117, 12, 15, 2, '2019-08-02', NULL, NULL),
(118, 13, 15, 1, '2019-08-02', NULL, NULL),
(119, 14, 15, 1, '2019-08-02', NULL, NULL),
(120, 15, 15, 7, '2019-08-02', NULL, NULL),
(121, 16, 15, 1, '2019-08-02', NULL, NULL),
(122, 17, 15, 40, '2019-08-02', NULL, NULL),
(123, 18, 15, 3, '2019-08-02', NULL, NULL),
(124, 19, 15, 1, '2019-08-02', NULL, NULL),
(125, 20, 15, 2, '2019-08-02', NULL, NULL),
(126, 21, 15, 8, '2019-08-02', NULL, NULL),
(127, 22, 15, 6, '2019-08-02', NULL, NULL),
(128, 23, 15, 0, '2019-08-02', NULL, NULL),
(129, 24, 15, 0, '2019-08-02', NULL, NULL),
(130, 25, 15, 1, '2019-08-02', NULL, NULL),
(131, 26, 15, 2, '2019-08-02', NULL, NULL),
(132, 27, 15, 5, '2019-08-02', NULL, NULL),
(133, 28, 15, 2, '2019-08-02', NULL, NULL),
(134, 29, 15, 1, '2019-08-02', NULL, NULL),
(135, 30, 15, 1, '2019-08-02', NULL, NULL),
(136, 31, 15, 3, '2019-08-02', NULL, NULL),
(137, 32, 15, 2, '2019-08-02', NULL, NULL),
(138, 33, 15, 7, '2019-08-02', NULL, NULL),
(139, 34, 15, 19, '2019-08-02', NULL, NULL),
(140, 35, 15, 9, '2019-08-02', NULL, NULL),
(141, 1, 15, 9, '2019-08-09', NULL, NULL),
(142, 2, 15, 1, '2019-08-09', NULL, NULL),
(143, 3, 15, 4, '2019-08-09', NULL, NULL),
(144, 4, 15, 1, '2019-08-09', NULL, NULL),
(145, 5, 15, 6, '2019-08-09', NULL, NULL),
(146, 6, 15, 44, '2019-08-09', NULL, NULL),
(147, 7, 15, 2, '2019-08-09', NULL, NULL),
(148, 8, 15, 3, '2019-08-09', NULL, NULL),
(149, 9, 15, 0, '2019-08-09', NULL, NULL),
(150, 10, 15, 4, '2019-08-09', NULL, NULL),
(151, 11, 15, 0, '2019-08-09', NULL, NULL),
(152, 12, 15, 2, '2019-08-09', NULL, NULL),
(153, 13, 15, 4, '2019-08-09', NULL, NULL),
(154, 14, 15, 0, '2019-08-09', NULL, NULL),
(155, 15, 15, 6, '2019-08-09', NULL, NULL),
(156, 16, 15, 4, '2019-08-09', NULL, NULL),
(157, 17, 15, 68, '2019-08-09', NULL, NULL),
(158, 18, 15, 3, '2019-08-09', NULL, NULL),
(159, 19, 15, 0, '2019-08-09', NULL, NULL),
(160, 20, 15, 4, '2019-08-09', NULL, NULL),
(161, 21, 15, 7, '2019-08-09', NULL, NULL),
(162, 22, 15, 11, '2019-08-09', NULL, NULL),
(163, 23, 15, 0, '2019-08-09', NULL, NULL),
(164, 24, 15, 0, '2019-08-09', NULL, NULL),
(165, 25, 15, 0, '2019-08-09', NULL, NULL),
(166, 26, 15, 4, '2019-08-09', NULL, NULL),
(167, 27, 15, 9, '2019-08-09', NULL, NULL),
(168, 28, 15, 0, '2019-08-09', NULL, NULL),
(169, 29, 15, 1, '2019-08-09', NULL, NULL),
(170, 30, 15, 2, '2019-08-09', NULL, NULL),
(171, 31, 15, 2, '2019-08-09', NULL, NULL),
(172, 32, 15, 1, '2019-08-09', NULL, NULL),
(173, 33, 15, 11, '2019-08-09', NULL, NULL),
(174, 34, 15, 11, '2019-08-09', NULL, NULL),
(175, 35, 15, 10, '2019-08-09', NULL, NULL),
(176, 1, 15, 2, '2019-08-16', NULL, NULL),
(177, 2, 15, 5, '2019-08-16', NULL, NULL),
(178, 3, 15, 9, '2019-08-16', NULL, NULL),
(179, 4, 15, 0, '2019-08-16', NULL, NULL),
(180, 5, 15, 7, '2019-08-16', NULL, NULL),
(181, 6, 15, 38, '2019-08-16', NULL, NULL),
(182, 7, 15, 6, '2019-08-16', NULL, NULL),
(183, 8, 15, 5, '2019-08-16', NULL, NULL),
(184, 9, 15, 0, '2019-08-16', NULL, NULL),
(185, 10, 15, 7, '2019-08-16', NULL, NULL),
(186, 11, 15, 0, '2019-08-16', NULL, NULL),
(187, 12, 15, 2, '2019-08-16', NULL, NULL),
(188, 13, 15, 2, '2019-08-16', NULL, NULL),
(189, 14, 15, 3, '2019-08-16', NULL, NULL),
(190, 15, 15, 3, '2019-08-16', NULL, NULL),
(191, 16, 15, 1, '2019-08-16', NULL, NULL),
(192, 17, 15, 51, '2019-08-16', NULL, NULL),
(193, 18, 15, 3, '2019-08-16', NULL, NULL),
(194, 19, 15, 1, '2019-08-16', NULL, NULL),
(195, 20, 15, 3, '2019-08-16', NULL, NULL),
(196, 21, 15, 2, '2019-08-16', NULL, NULL),
(197, 22, 15, 10, '2019-08-16', NULL, NULL),
(198, 23, 15, 0, '2019-08-16', NULL, NULL),
(199, 24, 15, 0, '2019-08-16', NULL, NULL),
(200, 25, 15, 0, '2019-08-16', NULL, NULL),
(201, 26, 15, 3, '2019-08-16', NULL, NULL),
(202, 27, 15, 4, '2019-08-16', NULL, NULL),
(203, 28, 15, 1, '2019-08-16', NULL, NULL),
(204, 29, 15, 0, '2019-08-16', NULL, NULL),
(205, 30, 15, 1, '2019-08-16', NULL, NULL),
(206, 31, 15, 5, '2019-08-16', NULL, NULL),
(207, 32, 15, 3, '2019-08-16', NULL, NULL),
(208, 33, 15, 18, '2019-08-16', NULL, NULL),
(209, 34, 15, 10, '2019-08-16', NULL, NULL),
(210, 35, 15, 12, '2019-08-16', NULL, NULL),
(211, 1, 15, 5, '2019-08-30', NULL, NULL),
(212, 2, 15, 6, '2019-08-30', NULL, NULL),
(213, 3, 15, 7, '2019-08-30', NULL, NULL),
(214, 4, 15, 0, '2019-08-30', NULL, NULL),
(215, 5, 15, 2, '2019-08-30', NULL, NULL),
(216, 6, 15, 26, '2019-08-30', NULL, NULL),
(217, 7, 15, 4, '2019-08-30', NULL, NULL),
(218, 8, 15, 6, '2019-08-30', NULL, NULL),
(219, 9, 15, 2, '2019-08-30', NULL, NULL),
(220, 10, 15, 3, '2019-08-30', NULL, NULL),
(221, 11, 15, 7, '2019-08-30', NULL, NULL),
(222, 12, 15, 2, '2019-08-30', NULL, NULL),
(223, 13, 15, 2, '2019-08-30', NULL, NULL),
(224, 14, 15, 1, '2019-08-30', NULL, NULL),
(225, 15, 15, 2, '2019-08-30', NULL, NULL),
(226, 16, 15, 1, '2019-08-30', NULL, NULL),
(227, 17, 15, 45, '2019-08-30', NULL, NULL),
(228, 18, 15, 3, '2019-08-30', NULL, NULL),
(229, 19, 15, 2, '2019-08-30', NULL, NULL),
(230, 20, 15, 0, '2019-08-30', NULL, NULL),
(231, 21, 15, 9, '2019-08-30', NULL, NULL),
(232, 22, 15, 9, '2019-08-30', NULL, NULL),
(233, 23, 15, 0, '2019-08-30', NULL, NULL),
(234, 24, 15, 0, '2019-08-30', NULL, NULL),
(235, 25, 15, 1, '2019-08-30', NULL, NULL),
(236, 26, 15, 1, '2019-08-30', NULL, NULL),
(237, 27, 15, 7, '2019-08-30', NULL, NULL),
(238, 28, 15, 1, '2019-08-30', NULL, NULL),
(239, 29, 15, 1, '2019-08-30', NULL, NULL),
(240, 30, 15, 1, '2019-08-30', NULL, NULL),
(241, 31, 15, 2, '2019-08-30', NULL, NULL),
(242, 32, 15, 3, '2019-08-30', NULL, NULL),
(243, 33, 15, 10, '2019-08-30', NULL, NULL),
(244, 34, 15, 12, '2019-08-30', NULL, NULL),
(245, 35, 15, 10, '2019-08-30', NULL, NULL),
(257, 1, 15, 5, '2019-09-06', '2019-09-08 22:27:31', '2019-09-08 22:27:31'),
(258, 2, 15, 5, '2019-09-06', '2019-09-08 22:27:43', '2019-09-08 22:27:43'),
(259, 3, 15, 6, '2019-09-06', '2019-09-08 22:28:09', '2019-09-08 22:28:09'),
(260, 4, 15, 3, '2019-09-06', '2019-09-08 22:28:20', '2019-09-08 22:28:20'),
(261, 5, 15, 4, '2019-09-06', '2019-09-08 22:28:32', '2019-09-08 22:28:32'),
(262, 6, 15, 51, '2019-09-06', '2019-09-08 22:28:50', '2019-09-08 22:28:50'),
(263, 7, 15, 1, '2019-09-06', '2019-09-08 22:29:07', '2019-09-08 22:29:07'),
(264, 8, 15, 3, '2019-09-06', '2019-09-08 22:29:39', '2019-09-08 22:29:39'),
(265, 9, 15, 0, '2019-09-06', '2019-09-08 22:30:26', '2019-09-08 22:30:26'),
(266, 10, 15, 6, '2019-09-06', '2019-09-08 22:30:36', '2019-09-08 22:30:36'),
(267, 11, 15, 2, '2019-09-06', '2019-09-08 22:30:55', '2019-09-08 22:30:55'),
(268, 12, 15, 1, '2019-09-06', '2019-09-08 22:31:08', '2019-09-08 22:31:08'),
(269, 13, 15, 3, '2019-09-06', '2019-09-08 22:31:17', '2019-09-08 22:31:17'),
(270, 14, 15, 0, '2019-09-06', '2019-09-08 22:31:26', '2019-09-08 22:31:26'),
(271, 15, 15, 2, '2019-09-06', '2019-09-08 22:31:33', '2019-09-08 22:31:33'),
(272, 16, 15, 0, '2019-09-06', '2019-09-08 22:31:43', '2019-09-08 22:31:43'),
(273, 17, 15, 37, '2019-09-06', '2019-09-08 22:32:06', '2019-09-08 22:32:06'),
(274, 18, 15, 5, '2019-09-06', '2019-09-08 22:32:23', '2019-09-08 22:32:23'),
(275, 19, 15, 5, '2019-09-06', '2019-09-08 22:32:37', '2019-09-08 22:32:37'),
(276, 20, 15, 7, '2019-09-06', '2019-09-08 22:32:49', '2019-09-08 22:32:49'),
(277, 21, 15, 8, '2019-09-06', '2019-09-08 22:32:59', '2019-09-08 22:32:59'),
(278, 22, 15, 0, '2019-09-06', '2019-09-08 22:33:10', '2019-09-08 22:33:10'),
(279, 23, 15, 0, '2019-09-06', '2019-09-08 22:33:18', '2019-09-08 22:33:18'),
(280, 24, 15, 0, '2019-09-06', '2019-09-08 22:33:26', '2019-09-08 22:33:26'),
(281, 25, 15, 0, '2019-09-06', '2019-09-08 22:33:37', '2019-09-08 22:33:37'),
(282, 26, 15, 3, '2019-09-06', '2019-09-08 22:33:44', '2019-09-08 22:33:44'),
(283, 27, 15, 5, '2019-09-06', '2019-09-08 22:33:56', '2019-09-08 22:33:56'),
(284, 28, 15, 3, '2019-09-06', '2019-09-08 22:34:06', '2019-09-08 22:34:06'),
(285, 29, 15, 2, '2019-09-06', '2019-09-08 22:34:13', '2019-09-08 22:34:13'),
(286, 30, 15, 1, '2019-09-06', '2019-09-08 22:34:20', '2019-09-08 22:34:20'),
(287, 31, 15, 3, '2019-09-06', '2019-09-08 22:34:37', '2019-09-08 22:34:37'),
(288, 32, 15, 2, '2019-09-06', '2019-09-08 22:34:48', '2019-09-08 22:34:48'),
(289, 33, 15, 13, '2019-09-06', '2019-09-08 22:35:01', '2019-09-08 22:35:01'),
(290, 34, 15, 6, '2019-09-06', '2019-09-08 22:35:20', '2019-09-08 22:35:20'),
(291, 35, 15, 14, '2019-09-06', '2019-09-08 22:35:40', '2019-09-08 22:35:40');

-- --------------------------------------------------------

--
-- Table structure for table `quy_trinh`
--

CREATE TABLE `quy_trinh` (
  `id` int(11) NOT NULL,
  `ten` text COLLATE utf8_vietnamese_ci NOT NULL,
  `ma_quy_trinh` text COLLATE utf8_vietnamese_ci NOT NULL
) ENGINE=InnoDB DEFAULT CHARSET=utf8 COLLATE=utf8_vietnamese_ci;

--
-- Dumping data for table `quy_trinh`
--

INSERT INTO `quy_trinh` (`id`, `ten`, `ma_quy_trinh`) VALUES
(1, 'Nghiên cứu sản phẩm', 'SP'),
(2, 'Thiết kế Cơ khí', 'CK'),
(3, 'Thiết kế Phần cứng', 'PC'),
(4, 'Thiết kế Phần mềm', 'PM'),
(5, 'Sản xuất Thử nghiệm', 'SXTN'),
(6, 'Sản xuất Loạt', 'SXL'),
(7, 'Trung bình', 'TB'),
(8, 'Nghiên cứu phát triển Chip', 'CHIP');

-- --------------------------------------------------------

--
-- Table structure for table `tuy_chon`
--

CREATE TABLE `tuy_chon` (
  `id` int(11) NOT NULL,
  `ten` text COLLATE utf8mb4_vietnamese_ci NOT NULL,
  `mo_ta` text COLLATE utf8mb4_vietnamese_ci
) ENGINE=InnoDB DEFAULT CHARSET=utf8mb4 COLLATE=utf8mb4_vietnamese_ci;

--
-- Dumping data for table `tuy_chon`
--

INSERT INTO `tuy_chon` (`id`, `ten`, `mo_ta`) VALUES
(1, 'viec_duoc_giao', 'Việc được giao'),
(2, 'viec_hoan_thanh_dung_han', 'Việc hoàn thành đúng hạn'),
(3, 'viec_hoan_thanh_khong_dung_han', 'Việc hoàn thành không đúng hạn'),
(4, 'viec_chua_hoan_thanh', 'Việc chưa hoàn thành'),
(5, 'viec_dang_thuc_hien', 'Việc đang thực hiện'),
(6, 'viec_tu_choi', 'Việc từ chối'),
(7, 'viec_tam_dung', 'Việc tạm dừng'),
(8, 'viec_khoi_tao_moi', 'Việc khởi tạo mới'),
(9, 'viec_cho_duyet', 'Việc chờ duyệt'),
(10, 'viec_de_nghi_dung', 'Việc đề nghị dừng'),
(11, 'viec_vuong_mac_de_xuat', 'Việc vướng mắc đề xuất'),
(12, 'viec_khac', 'Việc khác'),
(13, 'van_ban_ky', 'Số văn bản ký quá 4h làm việc'),
(14, 'don_nghi_phep', 'Số đơn xin nghỉ phép'),
(15, 'khong_cap_nhat', 'Số người không cập nhật công viêc trong tuần'),
(16, 'nhiem-vu-TGD-giao', 'Nhiệm vụ TGĐ giao'),
(17, 'nhiem-vu-PTGD-giao', 'Nhiệm vụ PTGĐ giao'),
(18, 'ket-luan-TD', 'Kết luận TĐ'),
(19, 'ket-luan-TCT', 'Kết luận TCT'),
(20, 'ket-luan-K2', 'Kết luận Khối 2'),
(21, 'ket-luan-qua-han-TD', 'Kết luận quá hạn TĐ'),
(22, 'ket-luan-qua-han-TCT', 'Kết luận quá hạn TCT'),
(23, 'ket-luan-qua-han-K2', 'Kết luận quá hạn Khối 2');

-- --------------------------------------------------------

--
-- Table structure for table `user`
--

CREATE TABLE `user` (
  `id` int(11) NOT NULL,
  `ten` text COLLATE utf8mb4_vietnamese_ci NOT NULL,
  `khoi` int(11) NOT NULL,
  `login` int(11) DEFAULT NULL
) ENGINE=InnoDB DEFAULT CHARSET=utf8mb4 COLLATE=utf8mb4_vietnamese_ci;

--
-- Dumping data for table `user`
--

INSERT INTO `user` (`id`, `ten`, `khoi`, `login`) VALUES
(1, 'TGĐ Nguyễn Vũ Hà', 0, NULL),
(2, 'PTGĐ Nguyễn Cương Hoàng', 0, NULL),
(3, 'PTGĐ Đỗ Thanh Hải', 0, NULL),
(4, 'PTGĐ Nguyễn Minh Quang', 0, NULL),
(5, 'PTGĐ Đào Vũ Kiên', 0, NULL),
(6, 'Hà Mạnh Thắng', 1, NULL),
(7, 'Nguyễn Thái Bình', 1, NULL),
(8, 'Vũ Việt Tiến', 1, NULL),
(9, 'Tống Thanh Sơn', 1, NULL),
(10, 'Trần Vũ Hợp', 1, NULL),
(11, 'Khương Duy', 1, NULL),
(12, 'Nguyễn Văn Hải', 1, NULL),
(13, 'Nguyễn Trung Kiên', 1, NULL),
(14, 'Vũ Minh Tuấn', 1, NULL),
(15, 'Dương Anh Trà', 1, NULL),
(16, 'Phạm Huy Tường', 1, NULL),
(17, 'Nguyễn Mạnh Linh', 1, NULL),
(18, 'Nguyễn Trần Nam', 1, NULL),
(19, 'Phạm Đình Hưng', 1, NULL),
(20, 'Vũ Thị Dương Hùng Hoàn', 1, NULL),
(21, 'Lê Trần Sự', 1, NULL),
(22, 'Phạm Xuân Hải', 1, NULL),
(23, 'Vũ Ngọc Vinh', 1, NULL),
(24, 'Vũ Tuấn Đức', 2, NULL),
(25, 'Lê Trường Giang', 2, NULL),
(26, 'Nguyễn Thị Nga', 2, NULL),
(27, 'Chu Thái Bảo', 2, NULL),
(28, 'Phan Thanh Trung', 2, NULL),
(29, 'Nguyễn Văn Quang', 2, NULL),
(30, 'Trần Văn Hưởng', 2, NULL),
(31, 'Hồ Trọng Hiếu', 2, NULL),
(32, 'Nguyễn Đức Hải', 2, NULL),
(33, 'Đinh Viết Quân', 2, NULL),
(34, 'Nguyễn Thị Kim Luyến', 2, NULL),
(35, 'Vũ Đức Chính', 2, NULL),
(36, 'Lương Văn Toản', 2, NULL),
(37, 'Hoàng Đinh Hải Truyền', 2, NULL),
(38, 'Lê Văn Hiên', 2, NULL),
(39, 'Nguyễn Chí Linh', 2, NULL),
(40, 'Nguyễn Đức Huy', 2, NULL),
(41, 'Nguyễn Hạc Tú', 2, NULL),
(42, 'Nguyễn Mạnh Quý', 2, NULL),
(43, 'Nguyễn Việt Thắng', 2, NULL),
(44, 'Phạm Tuấn Anh', 2, NULL),
(45, 'Nguyễn Xuân Phương', 4, NULL),
(46, 'Hoàng Công Tú', 4, NULL),
(47, 'Mai Gia Hà', 4, NULL),
(48, 'Dương Đình Hải', 4, NULL),
(49, 'Tăng Trường Sơn', 4, NULL),
(50, 'Nguyễn Thị Hiên', 4, NULL),
(51, 'Phan Sỹ Nhân', 4, NULL),
(52, 'Nguyễn Văn Tuân', 4, NULL),
(53, 'Phạm Duy Lập', 4, NULL),
(54, 'Vũ Tú Quỳnh', 4, NULL),
(55, 'Lê Triều Dương', 4, NULL),
(56, 'Nguyễn Hồng Khánh', 4, NULL),
(57, 'Nguyễn Thị Thúy Điệp', 4, NULL),
(58, 'Tạ Hồng Cương', 4, NULL),
(59, 'Nguyễn Công Dũng', 4, NULL),
(60, 'Nguyễn Gia Vinh', 4, NULL),
(61, 'Phạm Phương Chi', 4, NULL),
(62, 'Trần Trung Trực', 4, NULL);

-- --------------------------------------------------------

--
-- Table structure for table `users`
--

CREATE TABLE `users` (
  `id` int(11) NOT NULL,
  `login` varchar(255) COLLATE utf8_unicode_ci DEFAULT NULL,
  `MaNV` varchar(255) COLLATE utf8_unicode_ci DEFAULT NULL,
  `FullName` varchar(255) CHARACTER SET utf8 DEFAULT NULL,
  `DonVi` varchar(255) COLLATE utf8_unicode_ci DEFAULT NULL,
  `Phongban` varchar(255) COLLATE utf8_unicode_ci DEFAULT NULL,
  `ChucDanh` varchar(255) CHARACTER SET utf8 DEFAULT NULL
) ENGINE=InnoDB DEFAULT CHARSET=utf8 COLLATE=utf8_unicode_ci;

--
-- Dumping data for table `users`
--

INSERT INTO `users` (`id`, `login`, `MaNV`, `FullName`, `DonVi`, `Phongban`, `ChucDanh`) VALUES
(1, 'dohai', '025679', 'Đỗ Thanh Hải', 'Khối cơ quan - TCT CNC', 'Ban Giám đốc', 'Phó Tổng Giám đốc'),
(2, 'quangnguyen', '042114', 'Nguyễn Minh Quang', 'Khối cơ quan - TCT CNC', 'Ban Giám đốc', 'Phó Tổng Giám đốc'),
(3, 'hanv5', '063766', 'Nguyễn Vũ Hà', 'Khối cơ quan - TCT CNC', 'Ban Giám đốc', 'Tổng Giám đốc'),
(4, 'kiendv', '087210', 'Đào Vũ Kiên', 'Khối cơ quan - TCT CNC', 'Ban Giám đốc', 'Phó Tổng Giám đốc'),
(5, 'hoangnc1', '093077', 'Nguyễn Cương Hoàng', 'Khối cơ quan - TCT CNC', 'Ban Giám đốc', 'Phó Tổng Giám đốc'),
(6, 'dungnc5', '130470', 'Nguyễn Công Dũng', 'Khối cơ quan - TCT CNC', 'Phòng Chiến lược', 'Trưởng phòng Chiến lược'),
(7, 'hungvt9', '205153', 'Vũ Thái Hưng', 'Khối cơ quan - TCT CNC', 'Phòng Chiến lược', 'Chuyên viên Nghiên cứu Chiến lược'),
(8, 'hiennt8', '057098', 'Nguyễn Thị Hiền', 'Khối cơ quan - TCT CNC', 'Phòng Pháp chế và KSNB', 'Chuyên viên Pháp lý'),
(9, 'trangpth4', '196219', 'Phạm Thị Hà Trang', 'Khối cơ quan - TCT CNC', 'Phòng Pháp chế và KSNB', 'Chuyên viên Pháp lý'),
(10, 'tuhc', '064071', 'Hoàng Công Tú', 'Khối cơ quan - TCT CNC', 'Phòng Tài chính', 'Kế toán trưởng'),
(11, 'hongkhanh', '008023', 'Nguyễn Hồng Khánh', 'Khối cơ quan - TCT CNC', 'Phòng Tài chính', 'Phó phòng '),
(12, 'dungntt4', '066587', 'Nguyễn Thị Thu Dung', 'Khối cơ quan - TCT CNC', 'Phòng Tài chính', 'Nhân viên Kế toán'),
(13, 'hoangbn', '078672', 'Bùi Ngọc Hoàng', 'Khối cơ quan - TCT CNC', 'Phòng Tài chính', 'Chuyên viên Kế toán tổng hợp'),
(14, 'hoact1', '087226', 'Cao Thanh Hoa', 'Khối cơ quan - TCT CNC', 'Phòng Tài chính', 'Chuyên viên Kế toán tổng hợp'),
(15, 'baobtm', '006843', 'Bùi Thị Minh Bảo', 'Khối cơ quan - TCT CNC', 'Phòng Tài chính', 'Nhân viên Kế toán dự án'),
(16, 'tients', '007051', 'Trần Sỹ Tiến', 'Khối cơ quan - TCT CNC', 'Phòng Tài chính', 'Nhân viên Kế toán dự án'),
(17, 'thuyntt16', '009870', 'Nguyễn Thị Thanh Thủy', 'Khối cơ quan - TCT CNC', 'Phòng Tài chính', 'Chuyên viên Quản lý tài chính dự án'),
(18, 'phuongtl', '010099', 'Tô Lan Phương', 'Khối cơ quan - TCT CNC', 'Phòng Tài chính', 'Chuyên viên Quản lý tài chính dự án'),
(19, 'thuha01', '011016', 'Nguyễn Thu Hà', 'Khối cơ quan - TCT CNC', 'Phòng Tài chính', 'Nhân viên Kế toán dự án'),
(20, 'huedtb', '022294', 'Đỗ Thị Bích Huệ', 'Khối cơ quan - TCT CNC', 'Phòng Tài chính', 'Chuyên viên Quản lý tài chính dự án'),
(21, 'thanhntm', '031526', 'Nguyễn Thị Mai Thanh', 'Khối cơ quan - TCT CNC', 'Phòng Tài chính', 'Nhân viên Kế toán dự án'),
(22, 'thoahtk', '056957', 'Hoàng Thị Kim Thoa', 'Khối cơ quan - TCT CNC', 'Phòng Tài chính', 'Nhân viên Kế toán dự án'),
(23, 'binhnt12', '059885', 'Ngô Thanh Bình', 'Khối cơ quan - TCT CNC', 'Phòng Tài chính', 'Chuyên viên Quản lý tài chính dự án'),
(24, 'quangpv7', '174747', 'Phạm Văn Quang', 'Khối cơ quan - TCT CNC', 'Phòng Tài chính', 'Nhân viên Kế toán dự án'),
(25, 'sonvt14', '179676', 'Vũ Thái Sơn', 'Khối cơ quan - TCT CNC', 'Phòng Tài chính', 'Nhân viên Kế toán dự án'),
(26, 'thuongvt2', '193132', 'Vũ Thị Thương', 'Khối cơ quan - TCT CNC', 'Phòng Tài chính', 'Nhân viên Kế toán dự án'),
(27, 'hoandt', '009892', 'Đinh Thị Hoan', 'Khối cơ quan - TCT CNC', 'Phòng Tài chính', 'Nhân viên Kế toán dự án'),
(28, 'thuyttd', '130369', 'Trần Thị Diệu Thúy', 'Khối cơ quan - TCT CNC', 'Phòng Tài chính', 'Nhân viên Kế toán dự án'),
(29, 'nhanps', '051073', 'Phan Sỹ Nhân', 'Khối cơ quan - TCT CNC', 'Phòng Tổ chức lao động', 'Trưởng phòng Tổ chức lao động'),
(30, 'diepntt', '087345', 'Nguyễn Thị Thúy Điệp', 'Khối cơ quan - TCT CNC', 'Phòng Tổ chức lao động', 'Phó phòng Tổ chức lao động'),
(31, 'hanglt5', '078195', 'Lê Thu Hằng', 'Khối cơ quan - TCT CNC', 'Phòng Tổ chức lao động', 'Chuyên viên Tổ chức Biên chế'),
(32, 'duyennt5', '091256', 'Nguyễn Thị Duyên', 'Khối cơ quan - TCT CNC', 'Phòng Tổ chức lao động', 'Chuyên viên Tổ chức Biên chế'),
(33, 'thanhtt24', '127412', 'Trần Thị Thành', 'Khối cơ quan - TCT CNC', 'Phòng Tổ chức lao động', 'Chuyên viên Tiền lương'),
(34, 'linhht1', '106797', 'Hồ Thủy Linh', 'Khối cơ quan - TCT CNC', 'Phòng Tổ chức lao động', 'Chuyên viên đào tạo'),
(35, 'anhnm22', '209502', 'Nguyễn Minh Anh', 'Khối cơ quan - TCT CNC', 'Phòng Tổ chức lao động', 'Chuyên viên đào tạo'),
(36, 'linhtt11', '176115', 'Trần Trà Linh', 'Khối cơ quan - TCT CNC', 'Phòng Tổ chức lao động', 'Chuyên viên Tuyển dụng'),
(37, 'tuanna87', '198237', 'Ngô Anh Tuấn', 'Khối cơ quan - TCT CNC', 'Phòng Tổ chức lao động', 'Chuyên viên Tuyển dụng'),
(38, 'thuongtth1', '202074', 'Trần Thị Hoài Thương', 'Khối cơ quan - TCT CNC', 'Phòng Tổ chức lao động', 'Chuyên viên Tuyển dụng'),
(39, 'anhp348', '228392', 'Phương Anh', 'Khối cơ quan - TCT CNC', 'Phòng Tổ chức lao động', 'Chuyên viên Tuyển dụng'),
(40, 'anhph44', '231541', 'Phạm Hoàng Anh', 'Khối cơ quan - TCT CNC', 'Phòng Tổ chức lao động', 'Chuyên viên Tuyển dụng'),
(41, 'hamg', '016474', 'Mai Gia Hà', 'Khối cơ quan - TCT CNC', 'Phòng Công nghệ thông tin', 'Trưởng phòng Công nghệ thông tin'),
(42, 'longpt', '011313', 'Trần Phi Long', 'Khối cơ quan - TCT CNC', 'Phòng Công nghệ thông tin', 'Kỹ sư Giải pháp hạ tầng CNTT'),
(43, 'truongnm2', '060605', 'Nguyễn Mạnh Trường', 'Khối cơ quan - TCT CNC', 'Phòng Công nghệ thông tin', 'Kỹ sư Giải pháp hạ tầng viễn thông'),
(44, 'tunh9', '171667', 'Nguyễn Hữu Tú', 'Khối cơ quan - TCT CNC', 'Phòng Công nghệ thông tin', 'Kỹ sư Giải pháp hạ tầng CNTT'),
(45, 'kienht6', '199100', 'Hoàng Trung Kiên', 'Khối cơ quan - TCT CNC', 'Phòng Công nghệ thông tin', 'Kỹ sư Giải pháp hạ tầng CNTT'),
(46, 'sondinh', '003994', 'Đinh Ngọc Kỳ Sơn', 'Khối cơ quan - TCT CNC', 'Phòng Công nghệ thông tin', 'Kỹ sư ATTT Hệ thống'),
(47, 'sonmv', '079564', 'Mai Văn Sơn', 'Khối cơ quan - TCT CNC', 'Phòng Công nghệ thông tin', 'Kỹ sư ATTT Hệ thống'),
(48, 'hoangnv21', '092082', 'Nguyễn Văn Hoàng', 'Khối cơ quan - TCT CNC', 'Phòng Công nghệ thông tin', 'Kỹ sư ATTT Hệ thống'),
(49, 'vietnv10', '141184', 'Nguyễn Văn Việt', 'Khối cơ quan - TCT CNC', 'Phòng Công nghệ thông tin', 'Kỹ sư ATTT Hệ thống'),
(50, 'cuongvv9', '184914', 'Vũ Viết Cương', 'Khối cơ quan - TCT CNC', 'Phòng Công nghệ thông tin', 'Kỹ sư ATTT người dùng'),
(51, 'thangpd9', '198496', 'Phan Đại Thắng', 'Khối cơ quan - TCT CNC', 'Phòng Công nghệ thông tin', 'Kỹ sư ATTT Hệ thống'),
(52, 'tanmn2', '198511', 'Mai Nhật Tân', 'Khối cơ quan - TCT CNC', 'Phòng Công nghệ thông tin', 'Kỹ sư ATTT Hệ thống'),
(53, 'thanhnt79', '204656', 'Nguyễn Tiến Thành', 'Khối cơ quan - TCT CNC', 'Phòng Công nghệ thông tin', 'Kỹ sư ATTT người dùng'),
(54, 'chinhbt1', '224286', 'Bùi Trung Chính', 'Khối cơ quan - TCT CN', 'Phòng Công nghệ thông tin', 'Kỹ sư ATTT người dùng'),
(55, 'haidd2', '090016', 'Dương Đình Hải', 'Khối cơ quan - TCT CNC', 'Phòng Chính trị', 'Trưởng phòng Chính trị'),
(56, 'tinhpv1', '055313', 'Phạm Văn Tính', 'Khối cơ quan - TCT CNC', 'Phòng Chính trị', 'Trợ lý Tổ chức'),
(57, 'huongdm2', '086369', 'Đặng Thị Mai Hương', 'Khối cơ quan - TCT CNC', 'Phòng Chính trị', 'Trợ lý Chính sách dân vận'),
(58, 'hiennv40', '186773', 'Nguyễn Văn Hiên', 'Khối cơ quan - TCT CNC', 'Phòng Chính trị', 'Trợ lý Cán bộ'),
(59, 'tamnt14', '087327', 'Nguyễn Thanh Tâm', 'Khối cơ quan - TCT CNC', 'Phòng Chính trị', 'Trợ lý Tuyên huấn - Quần chúng'),
(60, 'dongpm', '122340', 'Phùng Minh Đông', 'Khối cơ quan - TCT CNC', 'Phòng Chính trị', 'Trợ lý Tuyên huấn'),
(61, 'phucnh1', '102997', 'Nguyễn Hồng Phúc', 'Khối cơ quan - TCT CNC', 'Phòng Chính trị', 'Trợ lý Truyền thông'),
(62, 'thaoptp3', '196695', 'Phạm Thị Phương Thảo', 'Khối cơ quan - TCT CNC', 'Phòng Chính trị', 'Trợ lý Truyền thông'),
(63, 'hieunt49', '199468', 'Nguyễn Trung Hiếu', 'Khối cơ quan - TCT CNC', 'Phòng Chính trị', 'Trợ lý Truyền thông'),
(64, 'khiemtv', '071735', 'Trần Văn Khiêm', 'Khối cơ quan - TCT CNC', 'Phòng Chính trị', 'Trợ lý Bảo vệ an ninh'),
(65, 'longpt5', '099456', 'Phan Thanh Long', 'Khối cơ quan - TCT CNC', 'Phòng Chính trị', 'Trợ lý Bảo vệ an ninh'),
(66, 'truc', '003965', 'Trần Trung Trực', 'Khối cơ quan - TCT CNC', 'Văn phòng', 'Phó Chánh Văn phòng'),
(67, 'lap2008', '009646', 'Phạm Duy Lập', 'Khối cơ quan - TCT CNC', 'Văn phòng', 'Chánh Văn phòng'),
(68, 'tuanpns', '015317', 'Lại Anh Tuấn', 'Khối cơ quan - TCT CNC', 'Văn phòng', 'Chuyên viên Kế hoạch Tổng hợp'),
(69, 'binhltc', '059666', 'Lê Thị Cẩm Bình', 'Khối cơ quan - TCT CNC', 'Văn phòng', 'Nhân viên Văn thư'),
(70, 'chauhm', '087198', 'Hoàng Minh Châu', 'Khối cơ quan - TCT CNC', 'Văn phòng', 'Chuyên viên Kế hoạch Tổng hợp'),
(71, 'trungbq1', '094057', 'Bùi Quang Trung', 'Khối cơ quan - TCT CNC', 'Văn phòng', 'Chuyên viên Kế hoạch Tổng hợp'),
(72, 'huyenntt25', '122816', 'Ngô Thị Thanh Huyền', 'Khối cơ quan - TCT CNC', 'Văn phòng', 'Nhân viên Kế hoạch Tổng hợp'),
(73, 'trangltm1', '202113', 'Lê Thị Minh Trang', 'Khối cơ quan - TCT CNC', 'Văn phòng', 'Chuyên viên Đối ngoại'),
(74, 'vientc', '128508', 'Tống Công Viện', 'Khối cơ quan - TCT CNC', 'Văn phòng', 'Trợ lý Tác huấn'),
(75, 'hienlam', '001618', 'Nguyễn Thị Hiên', 'Khối cơ quan - TCT CNC', 'Phòng Hành chính', 'Trưởng phòng Hành chính'),
(76, 'tuyennm1', '007554', 'Nguyễn Mạnh Tuyến', 'Khối cơ quan - TCT CNC', 'Phòng Hành chính', 'Nhân viên Hành chính'),
(77, 'hienntm3', '026567', 'Nông Thị Minh Hiến', 'Khối cơ quan - TCT CNC', 'Phòng Hành chính', 'Nhân viên Hành chính'),
(78, 'diendv2', '054853', 'Đặng Văn Diên', 'Khối cơ quan - TCT CNC', 'Phòng Hành chính', 'Nhân viên Kỹ thuật tòa nhà'),
(79, 'cuongnk7', '074194', 'Nguyễn Kiên Cường', 'Khối cơ quan - TCT CNC', 'Phòng Hành chính', 'Nhân viên Hành chính'),
(80, 'dungcx1', '087330', 'Cao Xuân Dũng', 'Khối cơ quan - TCT CNC', 'Phòng Hành chính', 'Nhân viên Quản lý tòa nhà'),
(81, 'huongntt24', '103148', 'Nguyễn Thị Thu Hương', 'Khối cơ quan - TCT CNC', 'Phòng Hành chính', 'Nhân viên Hành chính'),
(82, 'khanhptn', '122429', 'Phạm Thị Ngọc Khanh', 'Khối cơ quan - TCT CNC', 'Phòng Hành chính', 'Nhân viên Hành chính'),
(83, 'linhltt4', '130168', 'Lê Thị Thùy Linh', 'Khối cơ quan - TCT CNC', 'Phòng Hành chính', 'Nhân viên Hành chính'),
(84, 'trungvk', '136428', 'Vũ Kiên Trung', 'Khối cơ quan - TCT CNC', 'Phòng Hành chính', 'Nhân viên Kỹ thuật tòa nhà'),
(85, 'anhntl21', '149094', 'Nguyễn Thị Lan Anh', 'Khối cơ quan - TCT CNC', 'Phòng Hành chính', 'Nhân viên Hành chính'),
(86, 'phuongltb1', '155353', 'Lê Thị Bích Phượng', 'Khối cơ quan - TCT CNC', 'Phòng Hành chính', 'Nhân viên Hành chính'),
(87, 'nhannt29', '185577', 'Nguyễn Thị Nhân', 'Khối cơ quan - TCT CNC', 'Phòng Hành chính', 'Nhân viên Hành chính'),
(88, 'lamnh8', '008670', 'Nông Hoài Lâm', 'Khối cơ quan - TCT CNC', 'Phòng Hành chính', 'Nhân viên Nấu ăn'),
(89, 'hattn', '057189', 'Trịnh Thị Ngọc Hà', 'Khối cơ quan - TCT CNC', 'Phòng Hành chính', 'Nhân viên Nấu ăn'),
(90, 'huyenntt34', '064531', 'Nguyễn Thị Thu Huyền', 'Khối cơ quan - TCT CNC', 'Phòng Hành chính', 'Nhân viên Nấu ăn'),
(91, 'linhnt32', '170416', 'Ngô Thùy Linh', 'Khối cơ quan - TCT CNC', 'Phòng Hành chính', 'Nhân viên Điều dưỡng'),
(92, 'mailn', '183173', 'Lê Ngọc Mai', 'Khối cơ quan - TCT CNC', 'Phòng Hành chính', 'Nhân viên Điều dưỡng'),
(93, 'chuyennv3', '204331', 'Nguyễn Văn Chuyên', 'Khối cơ quan - TCT CNC', 'Phòng Hành chính', 'Bếp trưởng'),
(94, 'thinhnt3', '006675', 'Nguyễn Tuấn Thịnh', 'Khối cơ quan - TCT CNC', 'Phòng Hành chính', 'Nhân viên Lái xe'),
(95, 'haodv5', '008098', 'Đặng Văn Hào', 'Khối cơ quan - TCT CNC', 'Phòng Hành chính', 'Nhân viên Lái xe'),
(96, 'thucx', '008568', 'Cao Xuân Thu', 'Khối cơ quan - TCT CNC', 'Phòng Hành chính', 'Nhân viên Lái xe'),
(97, 'cuongdh3', '008594', 'Đỗ Hùng Cường', 'Khối cơ quan - TCT CNC', 'Phòng Hành chính', 'Nhân viên Lái xe'),
(98, 'anhbx', '008828', 'Bùi Xuân Anh', 'Khối cơ quan - TCT CNC', 'Phòng Hành chính', 'Nhân viên Lái xe'),
(99, 'tunv24', '009028', 'Nguyễn Văn Tứ', 'Khối cơ quan - TCT CNC', 'Phòng Hành chính', 'Nhân viên Lái xe'),
(100, 'dungha5', '009556', 'Hoàng Anh Dũng', 'Khối cơ quan - TCT CNC', 'Phòng Hành chính', 'Nhân viên Lái xe'),
(101, 'symv', '012688', 'Mai Văn Sỹ', 'Khối cơ quan - TCT CNC', 'Phòng Hành chính', 'Nhân viên Lái xe'),
(102, 'toannth', '015237', 'Nguyễn Trần Huy Toàn', 'Khối cơ quan - TCT CNC', 'Phòng Hành chính', 'Nhân viên Lái xe'),
(103, 'datnt31', '034375', 'Nguyễn Tất Đạt', 'Khối cơ quan - TCT CNC', 'Phòng Hành chính', 'Nhân viên Lái xe'),
(104, 'loind5', '042452', 'Nguyễn Đình Lợi', 'Khối cơ quan - TCT CNC', 'Phòng Hành chính', 'Nhân viên Lái xe'),
(105, 'tuandv5', '044618', 'Đào Việt Tuấn', 'Khối cơ quan - TCT CNC', 'Phòng Hành chính', 'Nhân viên Lái xe'),
(106, 'hieudm1', '046334', 'Đồng Minh Hiếu', 'Khối cơ quan - TCT CNC', 'Phòng Hành chính', 'Nhân viên Lái xe'),
(107, 'khuyennv', '057428', 'Nguyễn Văn Khuyến', 'Khối cơ quan - TCT CNC', 'Phòng Hành chính', 'Nhân viên Lái xe'),
(108, 'chungpv3', '062184', 'Phạm Văn Chung', 'Khối cơ quan - TCT CNC', 'Phòng Hành chính', 'Nhân viên Lái xe'),
(109, 'canvt', '063964', 'Vũ Thiện Căn', 'Khối cơ quan - TCT CNC', 'Phòng Hành chính', 'Nhân viên Lái xe'),
(110, 'tuanna106', '064365', 'Nguyễn Anh Tuấn', 'Khối cơ quan - TCT CNC', 'Phòng Hành chính', 'Nhân viên Lái xe'),
(111, 'dungnt38', '070549', 'Nguyễn Trung Dũng', 'Khối cơ quan - TCT CNC', 'Phòng Hành chính', 'Nhân viên Lái xe'),
(112, 'luantv5', '072718', 'Tạ Văn Luận', 'Khối cơ quan - TCT CNC', 'Phòng Hành chính', 'Nhân viên Lái xe'),
(113, 'luudt1', '084276', 'Đoàn Tất Lưu', 'Khối cơ quan - TCT CNC', 'Phòng Hành chính', 'Nhân viên Lái xe'),
(114, 'tienpm11', '090037', 'Phạm Mạnh Tiến', 'Khối cơ quan - TCT CNC', 'Phòng Hành chính', 'Nhân viên Lái xe'),
(115, 'tuongtd', '091356', 'Trần Đăng Tường', 'Khối cơ quan - TCT CNC', 'Phòng Hành chính', 'Nhân viên Lái xe'),
(116, 'baunv', '094336', 'Nguyễn Văn Báu', 'Khối cơ quan - TCT CNC', 'Phòng Hành chính', 'Nhân viên Lái xe'),
(117, 'vinhvv', '095896', 'Vũ Văn Vĩnh', 'Khối cơ quan - TCT CNC', 'Phòng Hành chính', 'Nhân viên Lái xe'),
(118, 'dienkv', '108961', 'Kiều Văn Diễn', 'Khối cơ quan - TCT CNC', 'Phòng Hành chính', 'Nhân viên Lái xe'),
(119, 'khanhld5', '112687', 'Lê Đức Khanh', 'Khối cơ quan - TCT CNC', 'Phòng Hành chính', 'Nhân viên Lái xe'),
(120, 'trinhpt1', '119404', 'Phan Tiến Trình', 'Khối cơ quan - TCT CNC', 'Phòng Hành chính', 'Nhân viên Lái xe'),
(121, 'halv10', '121879', 'Lê Văn Hà', 'Khối cơ quan - TCT CNC', 'Phòng Hành chính', 'Nhân viên Lái xe'),
(122, 'tuanta32', '130375', 'Trần Anh Tuấn', 'Khối cơ quan - TCT CNC', 'Phòng Hành chính', 'Nhân viên Lái xe'),
(123, 'trungnt43', '134368', 'Nguyễn Thành Trung', 'Khối cơ quan - TCT CNC', 'Phòng Hành chính', 'Nhân viên Lái xe'),
(124, 'hungpt25', '151933', 'Phan Thế Hùng', 'Khối cơ quan - TCT CNC', 'Phòng Hành chính', 'Nhân viên Lái xe'),
(125, 'anhnd75', '161598', 'Nguyễn Đức Anh', 'Khối cơ quan - TCT CNC', 'Phòng Hành chính', 'Nhân viên Lái xe'),
(126, 'tuanna70', '161616', 'Nguyễn Anh Tuấn', 'Khối cơ quan - TCT CNC', 'Phòng Hành chính', 'Nhân viên Lái xe'),
(127, 'anhnt170', '161673', 'Nguyễn Tuấn Anh', 'Khối cơ quan - TCT CNC', 'Phòng Hành chính', 'Nhân viên Lái xe'),
(128, 'hoangnd11', '175913', 'Nguyễn Đức Hoàng', 'Khối cơ quan - TCT CNC', 'Phòng Hành chính', 'Nhân viên Lái xe'),
(129, 'thapdv', '182676', 'Đỗ Văn Thập', 'Khối cơ quan - TCT CNC', 'Phòng Hành chính', 'Nhân viên Lái xe'),
(130, 'namnv35', '185333', 'Nguyễn Văn Nam', 'Khối cơ quan - TCT CNC', 'Phòng Hành chính', 'Nhân viên Lái xe'),
(131, 'hunglv50', '006109', 'Lê Việt Hùng', 'Khối cơ quan - TCT CNC', 'Phòng Hành chính', 'Nhân viên Bảo vệ'),
(132, 'sinhn', '006127', 'Nguyễn Sinh', 'Khối cơ quan - TCT CNC', 'Phòng Hành chính', 'Nhân viên Bảo vệ'),
(133, 'manhnh', '007617', 'Nguyễn Hữu Mạnh', 'Khối cơ quan - TCT CNC', 'Phòng Hành chính', 'Nhân viên Vệ binh'),
(134, 'dopv', '007664', 'Phùng Văn Đô', 'Khối cơ quan - TCT CNC', 'Phòng Hành chính', 'Nhân viên Vệ binh'),
(135, 'khangnh1', '055293', 'Nguyễn Hữu Khang', 'Khối cơ quan - TCT CNC', 'Phòng Hành chính', 'Nhân viên Vệ binh'),
(136, 'thanhdt9', '065496', 'Dương Tuấn Thanh', 'Khối cơ quan - TCT CNC', 'Phòng Hành chính', 'Nhân viên Vệ binh'),
(137, 'vungbv', '068094', 'Bùi Văn Vựng', 'Khối cơ quan - TCT CNC', 'Phòng Hành chính', 'Nhân viên Vệ binh'),
(138, 'dunglt24', '071359', 'Lê Thế Dũng', 'Khối cơ quan - TCT CNC', 'Phòng Hành chính', 'Nhân viên Vệ binh'),
(139, 'thaolv', '080830', 'Lương Văn Thao', 'Khối cơ quan - TCT CNC', 'Phòng Hành chính', 'Nhân viên Vệ binh'),
(140, 'thudx3', '086598', 'Đinh Xuân Thứ', 'Khối cơ quan - TCT CNC', 'Phòng Hành chính', 'Nhân viên Vệ binh'),
(141, 'uocpv', '086639', 'Phan Văn Ước', 'Khối cơ quan - TCT CNC', 'Phòng Hành chính', 'Nhân viên Vệ binh'),
(142, 'hoand12', '093576', 'Nguyễn Doãn Hóa', 'Khối cơ quan - TCT CNC', 'Phòng Hành chính', 'Nhân viên Vệ binh'),
(143, 'manhbn', '119687', 'Bùi Như Mạnh', 'Khối cơ quan - TCT CNC', 'Phòng Hành chính', 'Nhân viên Vệ binh'),
(144, 'dunghv15', '122150', 'Hoàng Văn Dũng', 'Khối cơ quan - TCT CNC', 'Phòng Hành chính', 'Nhân viên Bảo vệ'),
(145, 'dungnq16', '122152', 'Nguyễn Quốc Dựng', 'Khối cơ quan - TCT CNC', 'Phòng Hành chính', 'Nhân viên Bảo vệ'),
(146, 'thanglv7', '122158', 'Lường Văn Thắng', 'Khối cơ quan - TCT CNC', 'Phòng Hành chính', 'Nhân viên Bảo vệ'),
(147, 'thuongbv1', '122161', 'Bùi Văn Thượng', 'Khối cơ quan - TCT CNC', 'Phòng Hành chính', 'Nhân viên Vệ binh'),
(148, 'hoannx1', '138931', 'Nguyễn Xuân Hoàn', 'Khối cơ quan - TCT CNC', 'Phòng Hành chính', 'Nhân viên Vệ binh'),
(149, 'phulv2', '142576', 'Lê Văn Phú', 'Khối cơ quan - TCT CNC', 'Phòng Hành chính', 'Nhân viên Vệ binh'),
(150, 'thuongdv4', '142579', 'Đoàn Viết Thường', 'Khối cơ quan - TCT CNC', 'Phòng Hành chính', 'Nhân viên Vệ binh'),
(151, 'dinhpv2', '142581', 'Phạm Văn Định', 'Khối cơ quan - TCT CNC', 'Phòng Hành chính', 'Nhân viên Vệ binh'),
(152, 'hungcv2', '163273', 'Cao Việt Hùng', 'Khối cơ quan - TCT CNC', 'Phòng Hành chính', 'Nhân viên Vệ binh'),
(153, 'thangnb1', '164333', 'Nguyễn Bá Thắng', 'Khối cơ quan - TCT CNC', 'Phòng Hành chính', 'Nhân viên Vệ binh'),
(154, 'bonvv', '169655', 'Vũ Văn Bôn', 'Khối cơ quan - TCT CNC', 'Phòng Hành chính', 'Nhân viên Vệ binh'),
(155, 'tungnh13', '205109', 'Nguyễn Hữu Tùng', 'Khối cơ quan - TCT CNC', 'Phòng Hành chính', 'Nhân viên Vệ binh'),
(156, 'giavinh', '003966', 'Nguyễn Gia Vinh', 'Khối cơ quan - TCT CNC', 'Phòng Khoa học công nghệ', 'Trưởng phòng Khoa học công nghệ'),
(157, 'thudta', '088317', 'Dương Thị Anh Thư', 'Khối cơ quan - TCT CNC', 'Phòng Khoa học công nghệ', 'Chuyên viên Quản lý tri thức và công nghệ'),
(158, 'thaontp17', '183640', 'Nguyễn Thị Phương Thảo', 'Khối cơ quan - TCT CNC', 'Phòng Khoa học công nghệ', 'Chuyên viên Quản lý tri thức và công nghệ'),
(159, 'giangnth20', '189550', 'Nguyễn Thị Hồng Giang', 'Khối cơ quan - TCT CNC', 'Phòng Khoa học công nghệ', 'Chuyên viên Quản lý tri thức và công nghệ'),
(160, 'haivn8', '233757', 'Vũ Ngọc Hải', 'Khối cơ quan - TCT CNC', 'Phòng Khoa học công nghệ', 'Chuyên viên Quản lý tri thức và công nghệ'),
(161, 'haidn4', '240007', 'Đỗ Ngọc Hải', 'Khối cơ quan - TCT CNC', 'Phòng Công nghệ thông tin', 'Chuyên viên Quản lý tri thức và công nghệ'),
(162, 'chivk', '047483', 'Võ Kim Chi', 'Khối cơ quan - TCT CNC', 'Phòng Khoa học công nghệ', 'Chuyên viên Khoa học Công nghệ'),
(163, 'yenlth1', '056955', 'Lê Thị Hải Yến', 'Khối cơ quan - TCT CNC', 'Phòng Khoa học công nghệ', 'Chuyên viên Khoa học Công nghệ'),
(164, 'hoangvv2', '091597', 'Vũ Việt Hoàng', 'Khối cơ quan - TCT CNC', 'Phòng Khoa học công nghệ', 'Chuyên viên Khoa học Công nghệ'),
(165, 'ducnv19', '135908', 'Nguyễn Việt Đức', 'Khối cơ quan - TCT CNC', 'Phòng Khoa học công nghệ', 'Chuyên viên Khoa học Công nghệ'),
(166, 'binhth3', '202156', 'Trần Hải Bình', 'Khối cơ quan - TCT CNC', 'Phòng Khoa học công nghệ', 'Chuyên viên Khoa học Công nghệ'),
(167, 'vudh4', '221339', 'Dương Hải Vũ', 'Khối cơ quan - TCT CNC', 'Phòng Khoa học công nghệ', 'Chuyên viên Khoa học Công nghệ'),
(168, 'ttson', '003993', 'Tăng Trường Sơn', 'Trung tâm Kinh doanh - TCT CNC', 'Ban Giám đốc', 'Giám đốc'),
(169, 'tuannv3', '045177', 'Nguyễn Văn Tuân', 'Trung tâm Kinh doanh - TCT CNC', 'Ban Giám đốc', 'Phó Giám đốc'),
(170, 'duonglt3', '058985', 'Lê Triều Dương', 'Trung tâm Kinh doanh - TCT CNC', 'Ban Giám đốc', 'Phó Giám đốc'),
(171, 'hienvtt1', '050099', 'Vũ Thị Thu Hiền', 'Trung tâm Kinh doanh - TCT CNC', 'Phòng Marketing', 'Nhân viên Marketing'),
(172, 'hiepnn3', '204896', 'Nguyễn Ngọc Hiệp', 'Trung tâm Kinh doanh - TCT CNC', 'Phòng Marketing', 'Nhân viên Marketing'),
(173, 'linhdtt10', '206026', 'Đỗ Thị Thùy Linh', 'Trung tâm Kinh doanh - TCT CNC', 'Phòng Marketing', 'Nhân viên Marketing'),
(174, 'thaont112', '231124', 'Nguyễn Thanh Thảo', 'Trung tâm Kinh doanh - TCT CNC', 'Phòng Marketing', 'Nhân viên Marketing'),
(175, 'sonlt20', '236883', 'Lê Tùng Sơn', 'Trung tâm Kinh doanh - TCT CNC', 'Phòng Marketing', 'Nhân viên Marketing'),
(176, 'tuyendd6', '238397', 'Đoàn Đình Tuyên', 'Trung tâm Kinh doanh - TCT CNC', 'Phòng Marketing', 'Nhân viên Marketing'),
(177, 'anhdd', '001615', 'Đỗ Đức Ánh', 'Trung tâm Kinh doanh - TCT CNC', 'Phòng Kinh doanh sản phẩm Quân sự', 'Nhân viên Kinh doanh'),
(178, 'vietnh23', '206277', 'Nguyễn Hoàng Việt', 'Trung tâm Kinh doanh - TCT CNC', 'Phòng Kinh doanh sản phẩm Quân sự', 'Nhân viên Kinh doanh'),
(179, 'minhpl2', '211682', 'Phạm Lê Minh', 'Trung tâm Kinh doanh - TCT CNC', 'Phòng Kinh doanh sản phẩm Quân sự', 'Nhân viên Kinh doanh'),
(180, 'ngoclh5', '228393', 'Lương Hải Ngọc', 'Trung tâm Kinh doanh - TCT CNC', 'Phòng Kinh doanh sản phẩm Quân sự', 'Nhân viên Kinh doanh'),
(181, 'trungvt14', '238730', 'Võ Trần Trung', 'Trung tâm Kinh doanh - TCT CNC', 'Phòng Kinh doanh sản phẩm Quân sự', 'Nhân viên Kinh doanh'),
(182, 'dungtt58', '077152', 'Trần Trọng Dũng', 'Trung tâm Kinh doanh - TCT CNC', 'Phòng Kinh doanh sản phẩm Dân sự', 'Nhân viên Kinh doanh'),
(183, 'linhnv5', '119198', 'Nguyễn Văn Linh', 'Trung tâm Kinh doanh - TCT CNC', 'Phòng Kinh doanh sản phẩm Dân sự', 'Nhân viên Kinh doanh'),
(184, 'sangpq', '140778', 'Phan Quốc Sang', 'Trung tâm Kinh doanh - TCT CNC', 'Phòng Kinh doanh sản phẩm Dân sự', 'Nhân viên Kinh doanh'),
(185, 'vanntl', '158097', 'Nguyễn Thị Lê Vân', 'Trung tâm Kinh doanh - TCT CNC', 'Phòng Kinh doanh sản phẩm Dân sự', 'Nhân viên Kinh doanh'),
(186, 'anhntm19', '209509', 'Nguyễn Thị Mai Anh', 'Trung tâm Kinh doanh - TCT CNC', 'Phòng Kinh doanh sản phẩm Dân sự', 'Nhân viên Kinh doanh'),
(187, 'longnt47', '230618', 'Nguyễn Tiến Long', 'Trung tâm Kinh doanh - TCT CNC', 'Phòng Kinh doanh sản phẩm Dân sự', 'Nhân viên Kinh doanh'),
(188, 'thudm3', '238538', 'Đỗ Minh Thu', 'Trung tâm Kinh doanh - TCT CNC', 'Phòng Kinh doanh sản phẩm Dân sự', 'Nhân viên Kinh doanh'),
(189, 'trangpt1', '059925', 'Phi Thu Trang', 'Trung tâm Kinh doanh - TCT CNC', 'Bộ phận giải pháp và hỗ trợ nghiệp vụ', 'Nhân viên hỗ trợ nghiệp vụ'),
(190, 'nampd3', '179953', 'Phan Duy Nam', 'Trung tâm Kinh doanh - TCT CNC', 'Bộ phận giải pháp và hỗ trợ nghiệp vụ', 'Nhân viên hỗ trợ nghiệp vụ'),
(191, 'longnv45', '235630', 'Nguyễn Vĩnh Long', 'Trung tâm Kinh doanh - TCT CNC', 'Bộ phận giải pháp và hỗ trợ nghiệp vụ', 'Nhân viên hỗ trợ nghiệp vụ'),
(192, 'hanhdh', '017260', 'Dương Hồng Hạnh', 'Trung tâm Mua sắm - TCT CNC', 'Ban Giám đốc', 'Phó Giám đốc'),
(193, 'quynhvt', '059667', 'Vũ Tú Quỳnh', 'Trung tâm Mua sắm - TCT CNC', 'Ban Giám đốc', 'Phó Giám đốc'),
(194, 'phuongnx', '078099', 'Nguyễn Xuân Phương', 'Trung tâm Mua sắm - TCT CNC', 'Ban Giám đốc', 'Giám đốc'),
(195, 'nhungtth1', '014913', 'Trần Thị Hồng Nhung', 'Trung tâm Mua sắm - TCT CNC', 'Phòng Hợp đồng', 'Nhân viên Hợp đồng'),
(196, 'huongntt21', '087338', 'Nguyễn Thị Thu Hương', 'Trung tâm Mua sắm - TCT CNC', 'Phòng Hợp đồng', 'Nhân viên Hợp đồng'),
(197, 'lienntq', '110838', 'Nguyễn Thị Quỳnh Liên', 'Trung tâm Mua sắm - TCT CNC', 'Phòng Hợp đồng', 'Nhân viên Hợp đồng'),
(198, 'vinhttl', '118927', 'Tần Thị Lê Vinh', 'Trung tâm Mua sắm - TCT CNC', 'Phòng Hợp đồng', 'Nhân viên Hợp đồng'),
(199, 'hungnt80', '140614', 'Nguyễn Tuấn Hùng', 'Trung tâm Mua sắm - TCT CNC', 'Phòng Hợp đồng', 'Nhân viên Hợp đồng'),
(200, 'anhntn32', '204894', 'Nguyễn Thị Ngọc Anh', 'Trung tâm Mua sắm - TCT CNC', 'Phòng Hợp đồng', 'Nhân viên Hợp đồng'),
(201, 'yennd', '206029', 'Nguyễn Diệu Yến', 'Trung tâm Mua sắm - TCT CNC', 'Phòng Hợp đồng', 'Nhân viên Hợp đồng'),
(202, 'hieupt16', '207142', 'Phạm Trung Hiếu', 'Trung tâm Mua sắm - TCT CNC', 'Phòng Hợp đồng', 'Nhân viên Hợp đồng'),
(203, 'trahtt', '103516', 'Hoàng Thị Thanh Trà', 'Trung tâm Mua sắm - TCT CNC', 'Phòng Đầu tư', 'Trưởng phòng Đầu tư'),
(204, 'chungph', '027117', 'Phạm Hà Chung', 'Trung tâm Mua sắm - TCT CNC', 'Phòng Đầu tư', 'Nhân viên Đấu thầu'),
(205, 'nhatld', '047313', 'Lê Đức Nhật', 'Trung tâm Mua sắm - TCT CNC', 'Phòng Đầu tư', 'Nhân viên Đấu thầu'),
(206, 'duynd1', '058224', 'Nguyễn Dương Duy', 'Trung tâm Mua sắm - TCT CNC', 'Phòng Đầu tư', 'Nhân viên Đấu thầu'),
(207, 'hanghtt2', '123644', 'Hà Thị Thu Hằng', 'Trung tâm Mua sắm - TCT CNC', 'Phòng Đầu tư', 'Nhân viên Đấu thầu'),
(208, 'hoantt18', '144793', 'Nguyễn Thị Thanh Hoa', 'Trung tâm Mua sắm - TCT CNC', 'Phòng Đầu tư', 'Nhân viên Đấu thầu'),
(209, 'trangnt43', '190459', 'Nguyễn Thu Trang', 'Trung tâm Mua sắm - TCT CNC', 'Phòng Đầu tư', 'Nhân viên Đấu thầu'),
(210, 'trungdx2', '192701', 'Đặng Xuân Trung', 'Trung tâm Mua sắm - TCT CNC', 'Phòng Đầu tư', 'Nhân viên Đấu thầu'),
(211, 'phungvtk1', '198754', 'Võ Thị Kim Phụng', 'Trung tâm Mua sắm - TCT CNC', 'Phòng Đầu tư', 'Nhân viên Đấu thầu'),
(212, 'thucmv2', '202114', 'Mai Văn Thức', 'Trung tâm Mua sắm - TCT CNC', 'Phòng Đầu tư', 'Nhân viên Đấu thầu'),
(213, 'dungna15', '205267', 'Nguyễn Anh Dũng', 'Trung tâm Mua sắm - TCT CNC', 'Phòng Đầu tư', 'Nhân viên Đấu thầu'),
(214, 'thuyntt49', '206059', 'Nguyễn Thị Thanh Thúy', 'Trung tâm Mua sắm - TCT CNC', 'Phòng Đầu tư', 'Nhân viên Đấu thầu'),
(215, 'hienntt11', '018257', 'Nguyễn Thị Thu Hiền', 'Trung tâm Mua sắm - TCT CNC', 'Phòng Đảm bảo hàng hóa', 'Nhân viên Quản lý tài sản'),
(216, 'tamptt1', '051593', 'Phan Thị Thanh Tâm', 'Trung tâm Mua sắm - TCT CNC', 'Phòng Đảm bảo hàng hóa', 'Nhân viên Quản lý tài sản'),
(217, 'thaontp6', '056683', 'Nguyễn Thị Phương Thảo', 'Trung tâm Mua sắm - TCT CNC', 'Phòng Đảm bảo hàng hóa', 'Nhân viên Quản lý tài sản'),
(218, 'quanla', '056934', 'Lê Anh Quân', 'Trung tâm Mua sắm - TCT CNC', 'Phòng Đảm bảo hàng hóa', 'Nhân viên Quản lý tài sản'),
(219, 'ducta2', '071862', 'Trần Anh Đức', 'Trung tâm Mua sắm - TCT CNC', 'Phòng Đảm bảo hàng hóa', 'Nhân viên Quản lý tài sản'),
(220, 'trinm3', '075875', 'Nguyễn Minh Trí', 'Trung tâm Mua sắm - TCT CNC', 'Phòng Đảm bảo hàng hóa', 'Nhân viên Quản lý tài sản'),
(221, 'taint9', '083193', 'Nguyễn Tiến Tài', 'Trung tâm Mua sắm - TCT CNC', 'Phòng Đảm bảo hàng hóa', 'Nhân viên Quản lý tài sản'),
(222, 'linhttt6', '108598', 'Tống Thị Thùy Linh', 'Trung tâm Mua sắm - TCT CNC', 'Phòng Đảm bảo hàng hóa', 'Nhân viên Quản lý tài sản'),
(223, 'haint68', '184815', 'Nguyễn Thanh Hải', 'Trung tâm Mua sắm - TCT CNC', 'Phòng Đảm bảo hàng hóa', 'Nhân viên Quản lý tài sản'),
(224, 'anhlt77', '199225', 'Lương Tuấn Anh', 'Trung tâm Mua sắm - TCT CNC', 'Phòng Đảm bảo hàng hóa', 'Nhân viên Quản lý tài sản'),
(225, 'huedt19', '207851', 'Đặng Thị Huệ', 'Trung tâm Mua sắm - TCT CNC', 'Phòng Đảm bảo hàng hóa', 'Nhân viên Quản lý tài sản'),
(226, 'chi2p', '063773', 'Phạm Phương Chi', 'Trung tâm Đảm bảo chất lượng - TCT CNC', 'Ban Giám đốc', 'Phó Giám đốc'),
(227, 'cuongth10', '123453', 'Tạ Hồng Cương', 'Trung tâm Đảm bảo chất lượng - TCT CNC', 'Ban Giám đốc', 'Giám đốc'),
(228, 'hoanpn', '045099', 'Phan Ngọc Hoàn', 'Trung tâm Đảm bảo chất lượng - TCT CNC', 'Phòng Quản lý tiêu chuẩn và quy trình', 'Chuyên viên Quản lý chất lượng'),
(229, 'tuanld', '108440', 'Lê Duy Tuấn', 'Trung tâm Đảm bảo chất lượng - TCT CNC', 'Phòng Quản lý tiêu chuẩn và quy trình', 'Chuyên viên Quản lý chất lượng'),
(230, 'trangnth24', '186937', 'Nguyễn Thị Huyền Trang', 'Trung tâm Đảm bảo chất lượng - TCT CNC', 'Phòng Quản lý tiêu chuẩn và quy trình', 'Chuyên viên Quản lý chất lượng'),
(231, 'namnp8', '200121', 'Nguyễn Phương Nam', 'Trung tâm Đảm bảo chất lượng - TCT CNC', 'Phòng Quản lý tiêu chuẩn và quy trình', 'Chuyên viên Quản lý chất lượng'),
(232, 'namtt18', '207340', 'Trần Tiến Nam', 'Trung tâm Đảm bảo chất lượng - TCT CNC', 'Phòng Quản lý tiêu chuẩn và quy trình', 'Chuyên viên Quản lý chất lượng'),
(233, 'anhnd130', '220449', 'Nguyễn Đức Anh', 'Trung tâm Đảm bảo chất lượng - TCT CNC', 'Phòng Quản lý tiêu chuẩn và quy trình', 'Chuyên viên Quản lý chất lượng'),
(234, 'dieuthuy', '015413', 'Tạ Diệu Thúy', 'Trung tâm Đảm bảo chất lượng - TCT CNC', 'Phòng Đảm bảo chất lượng', 'Kỹ sư Đảm bảo chất lượng'),
(235, 'huannv26', '123159', 'Nguyễn Vũ Huấn', 'Trung tâm Đảm bảo chất lượng - TCT CNC', 'Phòng Đảm bảo chất lượng', 'Kỹ sư Đảm bảo chất lượng'),
(236, 'tunglx2', '176180', 'Lê Xuân Tùng', 'Trung tâm Đảm bảo chất lượng - TCT CNC', 'Phòng Đảm bảo chất lượng', 'Kỹ sư Đảm bảo chất lượng'),
(237, 'hangdt2', '002127', 'Đỗ Thu Hằng', 'Trung tâm Đảm bảo chất lượng - TCT CNC', 'Hệ thống Lab dùng chung', 'Nhân viên hỗ trợ nghiệp vụ'),
(238, 'phantrung', '004011', 'Phan Thanh Trung', 'Khối 2 - TCT CNC', 'Ban Giám đốc Khối', 'Phó Giám đốc Khối'),
(239, 'quynm', '106799', 'Nguyễn Mạnh Quý', 'Khối 2 - TCT CNC', 'Ban Giám đốc Khối', 'Phó Giám đốc Khối'),
(240, 'gianglt', '019658', 'Lê Trường Giang', 'Khối 2 - TCT CNC', 'Trung tâm Nghiên cứu thiết bị vô tuyến băng rộng', 'Giám đốc Trung tâm'),
(241, 'truyenhdh', '109958', 'Hoàng Đinh Hải Truyền', 'Khối 2 - TCT CNC', 'Trung tâm Nghiên cứu thiết bị vô tuyến băng rộng', 'Phó Giám đốc Trung tâm'),
(242, 'tuyennd1483', '019662', 'Nguyễn Đức Tuyền', 'Khối 2 - TCT CNC', 'Trung tâm Nghiên cứu thiết bị vô tuyến băng rộng', 'Kỹ sư Hệ thống'),
(243, 'giangvth1', '045853', 'Vũ Thị Hương Giang', 'Khối 2 - TCT CNC', 'Trung tâm Nghiên cứu thiết bị vô tuyến băng rộng', 'Kỹ sư Hệ thống'),
(244, 'anhhd1', '066972', 'Hoàng Đức Anh', 'Khối 2 - TCT CNC', 'Trung tâm Nghiên cứu thiết bị vô tuyến băng rộng', 'Kỹ sư Nghiên cứu giao thức mạng'),
(245, 'tantc1', '077154', 'Trần Công Tân', 'Khối 2 - TCT CNC', 'Trung tâm Nghiên cứu thiết bị vô tuyến băng rộng', 'Kỹ sư Nghiên cứu giao thức mạng'),
(246, 'tuna8', '109398', 'Nguyễn Anh Tú', 'Khối 2 - TCT CNC', 'Trung tâm Nghiên cứu thiết bị vô tuyến băng rộng', 'Kỹ sư Nghiên cứu giao thức mạng'),
(247, 'anhnh35', '130469', 'Ngô Hoàng Anh', 'Khối 2 - TCT CNC', 'Trung tâm Nghiên cứu thiết bị vô tuyến băng rộng', 'Kỹ sư trưởng hệ thống PoC 5G'),
(248, 'tungtv8', '204662', 'Trần Văn Tùng', 'Khối 2 - TCT CNC', 'Trung tâm Nghiên cứu thiết bị vô tuyến băng rộng', 'Trưởng phòng Thiết kế hệ thống'),
(249, 'nhatnd3', '165014', 'Nguyễn Đức Nhật', 'Khối 2 - TCT CNC', 'Trung tâm Nghiên cứu thiết bị vô tuyến băng rộng', 'Trưởng phòng Nghiên cứu khuếch đại và lọc cao tần'),
(250, 'toandt6', '194826', 'Đỗ Trọng Toàn', 'Khối 2 - TCT CNC', 'Trung tâm Nghiên cứu thiết bị vô tuyến băng rộng', 'Kỹ sư Thiết kế cao tần'),
(251, 'cuonghm10', '194845', 'Hoàng Mạnh Cường', 'Khối 2 - TCT CNC', 'Trung tâm Nghiên cứu thiết bị vô tuyến băng rộng', 'Kỹ sư Thiết kế cao tần'),
(252, 'anld25', '199317', 'Lê Đình An', 'Khối 2 - TCT CNC', 'Trung tâm Nghiên cứu thiết bị vô tuyến băng rộng', 'Kỹ sư Thiết kế cao tần'),
(253, 'anhnv184', '208474', 'Nguyễn Việt Anh', 'Khối 2 - TCT CNC', 'Trung tâm Nghiên cứu thiết bị vô tuyến băng rộng', 'Kỹ sư Thiết kế cao tần'),
(254, 'dinhnh', '226529', 'Nguyễn Hữu Định', 'Khối 2 - TCT CNC', 'Trung tâm Nghiên cứu thiết bị vô tuyến băng rộng', 'Kỹ sư Thiết kế cao tần'),
(255, 'thuypt74', '235016', 'Phạm Trọng Thủy', 'Khối 2 - TCT CNC', 'Trung tâm Nghiên cứu thiết bị vô tuyến băng rộng', 'Kỹ sư Thiết kế cao tần'),
(256, 'haolx', '159778', 'Lương Xuân Hào', 'Khối 2 - TCT CNC', 'Trung tâm Nghiên cứu thiết bị vô tuyến băng rộng', 'Trưởng phòng Nghiên cứu xử lý băng gốc di động băng rộng'),
(257, 'thoapv', '194840', 'Phạm Văn Thỏa', 'Khối 2 - TCT CNC', 'Trung tâm Nghiên cứu thiết bị vô tuyến băng rộng', 'Kỹ sư Phát triển DSP'),
(258, 'cuonglv22', '194846', 'Lê Văn Cường', 'Khối 2 - TCT CNC', 'Trung tâm Nghiên cứu thiết bị vô tuyến băng rộng', 'Kỹ sư Phát triển DSP'),
(259, 'thangtv14', '196241', 'Trịnh Viết Thắng', 'Khối 2 - TCT CNC', 'Trung tâm Nghiên cứu thiết bị vô tuyến băng rộng', 'Kỹ sư Phát triển DSP'),
(260, 'phuongnd25', '199754', 'Nguyễn Duy Phương', 'Khối 2 - TCT CNC', 'Trung tâm Nghiên cứu thiết bị vô tuyến băng rộng', 'Kỹ sư Phát triển thuật toán'),
(261, 'tiennt12', '199757', 'Nguyễn Trung Tiến', 'Khối 2 - TCT CNC', 'Trung tâm Nghiên cứu thiết bị vô tuyến băng rộng', 'Kỹ sư Phát triển DSP'),
(262, 'haupd1', '202093', 'Phạm Đức Hậu', 'Khối 2 - TCT CNC', 'Trung tâm Nghiên cứu thiết bị vô tuyến băng rộng', 'Kỹ sư Phát triển DSP'),
(263, 'hoahtx1', '204707', 'Hồ Thị Xuân Hòa', 'Khối 2 - TCT CNC', 'Trung tâm Nghiên cứu thiết bị vô tuyến băng rộng', 'Kỹ sư Phát triển thuật toán'),
(264, 'hoandv71', '207688', 'Dương Văn Hoàn', 'Khối 2 - TCT CNC', 'Trung tâm Nghiên cứu thiết bị vô tuyến băng rộng', 'Kỹ sư Phát triển thuật toán'),
(265, 'anhhq11', '217280', 'Huỳnh Quốc Anh', 'Khối 2 - TCT CNC', 'Trung tâm Nghiên cứu thiết bị vô tuyến băng rộng', 'Kỹ sư Phát triển thuật toán'),
(266, 'cuongvt12', '241356', 'Võ Tùng Cương', 'Khối 2 - TCT CNC', 'Trung tâm Nghiên cứu thiết bị vô tuyến băng rộng', 'Kỹ sư Phát triển thuật toán'),
(267, 'phuongtt18', '102022', 'Trần Thu Phương', 'Khối 2 - TCT CNC', 'Trung tâm Nghiên cứu thiết bị vô tuyến băng rộng', 'Kỹ sư Phát triển giao thức mạng'),
(268, 'tranglth3', '155717', 'Lê Thị Huyền Trang', 'Khối 2 - TCT CNC', 'Trung tâm Nghiên cứu thiết bị vô tuyến băng rộng', 'Kỹ sư Phát triển giao thức mạng'),
(269, 'dungpka', '159777', 'Phạm Kim Anh Dũng', 'Khối 2 - TCT CNC', 'Trung tâm Nghiên cứu thiết bị vô tuyến băng rộng', 'Trưởng phòng Nghiên cứu báo hiệu và truyền dữ liệu tốc độ cao'),
(270, 'hungbv9', '171666', 'Bùi Việt Hùng', 'Khối 2 - TCT CNC', 'Trung tâm Nghiên cứu thiết bị vô tuyến băng rộng', 'Kỹ sư Phát triển giao thức mạng'),
(271, 'duocpv1', '192598', 'Phạm Văn Được', 'Khối 2 - TCT CNC', 'Trung tâm Nghiên cứu thiết bị vô tuyến băng rộng', 'Kỹ sư Phát triển giao thức mạng'),
(272, 'linhvd2', '204660', 'Vũ Duy Linh', 'Khối 2 - TCT CNC', 'Trung tâm Nghiên cứu thiết bị vô tuyến băng rộng', 'Kỹ sư Phát triển giao thức mạng'),
(273, 'namnh41', '205150', 'Nguyễn Hoài Nam', 'Khối 2 - TCT CNC', 'Trung tâm Nghiên cứu thiết bị vô tuyến băng rộng', 'Kỹ sư Phát triển giao thức mạng'),
(274, 'sonln5', '206462', 'Lương Ngọc Sơn', 'Khối 2 - TCT CNC', 'Trung tâm Nghiên cứu thiết bị vô tuyến băng rộng', 'Kỹ sư Phát triển giao thức mạng'),
(275, 'hoangnh263', '211320', 'Nguyễn Huy Hoàng', 'Khối 2 - TCT CNC', 'Trung tâm Nghiên cứu thiết bị vô tuyến băng rộng', 'Kỹ sư Phát triển giao thức mạng'),
(276, 'hieuht24', '213521', 'Hoàng Trung Hiếu', 'Khối 2 - TCT CNC', 'Trung tâm Nghiên cứu thiết bị vô tuyến băng rộng', 'Kỹ sư Phát triển giao thức mạng'),
(277, 'dotv2', '213523', 'Trần Văn Đô', 'Khối 2 - TCT CNC', 'Trung tâm Nghiên cứu thiết bị vô tuyến băng rộng', 'Kỹ sư Phát triển giao thức mạng'),
(278, 'thangdv22', '225033', 'Đỗ Văn Thắng', 'Khối 2 - TCT CNC', 'Trung tâm Nghiên cứu thiết bị vô tuyến băng rộng', 'Kỹ sư Phát triển giao thức mạng'),
(279, 'manojmehta', '227673', 'Manoj Kumar Mehta', 'Khối 2 - TCT CNC', 'Trung tâm Nghiên cứu thiết bị vô tuyến băng rộng', 'Kỹ sư Phát triển giao thức mạng'),
(280, 'huongtv2', '112898', 'Trần Văn Hưởng', 'Khối 2 - TCT CNC', 'Trung tâm Nghiên cứu Công nghệ truyền dẫn', 'Giám đốc Trung tâm'),
(281, 'trangnh6', '087196', 'Nguyễn Hạnh Trang', 'Khối 2 - TCT CNC', 'Trung tâm Nghiên cứu Công nghệ truyền dẫn', 'Kỹ sư trưởng Công nghệ'),
(282, 'tiennt30', '215824', 'Nguyễn Thanh Tiến', 'Khối 2 - TCT CNC', 'Trung tâm Nghiên cứu Công nghệ truyền dẫn', 'Kỹ sư trưởng Hệ thống'),
(283, 'thonh11', '155453', 'Nguyễn Hữu Thọ', 'Khối 2 - TCT CNC', 'Trung tâm Nghiên cứu Công nghệ truyền dẫn', 'Trưởng phòng Nghiên cứu công nghệ truyền dẫn IP'),
(284, 'thold8', '196178', 'Lương Đình Thọ', 'Khối 2 - TCT CNC', 'Trung tâm Nghiên cứu Công nghệ truyền dẫn', 'Kỹ sư Nghiên cứu giao thức mạng'),
(285, 'tuanln31', '208408', 'Lê Ngọc Tuấn', 'Khối 2 - TCT CNC', 'Trung tâm Nghiên cứu Công nghệ truyền dẫn', 'Kỹ sư Nghiên cứu giao thức mạng'),
(286, 'ducdt12', '211782', 'Đỗ Trung Đức', 'Khối 2 - TCT CNC', 'Trung tâm Nghiên cứu Công nghệ truyền dẫn', 'Kỹ sư Nghiên cứu giao thức mạng'),
(287, 'thienlv7', '213254', 'La Văn Thiện', 'Khối 2 - TCT CNC', 'Trung tâm Nghiên cứu Công nghệ truyền dẫn', 'Kỹ sư Nghiên cứu giao thức mạng'),
(288, 'hungdt53', '214807', 'Đỗ Thế Hùng', 'Khối 2 - TCT CNC', 'Trung tâm Nghiên cứu Công nghệ truyền dẫn', 'Kỹ sư Nghiên cứu giao thức mạng'),
(289, 'nguyennt18', '221198', 'Nguyễn Thành Nguyên', 'Khối 2 - TCT CNC', 'Trung tâm Nghiên cứu Công nghệ truyền dẫn', 'Kỹ sư Nghiên cứu giao thức mạng'),
(290, 'loanbt8', '241091', 'Bùi Thị Loan', 'Khối 2 - TCT CNC', 'Trung tâm Nghiên cứu Công nghệ truyền dẫn', 'Kỹ sư Phát triển giao thức mạng'),
(291, 'cuongdd4', '122480', 'Đỗ Đức Cường', 'Khối 2 - TCT CNC', 'Trung tâm Nghiên cứu Công nghệ truyền dẫn', 'Kỹ sư Nghiên cứu giao thức mạng'),
(292, 'ngapt11', '137615', 'Phạm Thu Nga', 'Khối 2 - TCT CNC', 'Trung tâm Nghiên cứu Công nghệ truyền dẫn', 'Kỹ sư Phát triển giao thức mạng'),
(293, 'thientd3', '153053', 'Trần Đức Thiện', 'Khối 2 - TCT CNC', 'Trung tâm Nghiên cứu Công nghệ truyền dẫn', 'Kỹ sư Phát triển giao thức mạng'),
(294, 'manhnq2', '176206', 'Nguyễn Quang Mạnh', 'Khối 2 - TCT CNC', 'Trung tâm Nghiên cứu Công nghệ truyền dẫn', 'Trưởng phòng Nghiên cứu công nghệ xPON'),
(295, 'duongnt62', '218430', 'Nguyễn Thanh Dương', 'Khối 2 - TCT CNC', 'Trung tâm Nghiên cứu Công nghệ truyền dẫn', 'Kỹ sư Phát triển giao thức mạng'),
(296, 'dungbd4', '226805', 'Bùi Đình Dũng', 'Khối 2 - TCT CNC', 'Trung tâm Nghiên cứu Công nghệ truyền dẫn', 'Kỹ sư Phát triển giao thức mạng'),
(297, 'anhdh25', '237562', 'Đường Hồng Anh', 'Khối 2 - TCT CNC', 'Trung tâm Nghiên cứu Công nghệ truyền dẫn', 'Kỹ sư Phát triển giao thức mạng'),
(298, 'quandv', '045191', 'Đinh Viết Quân', 'Khối 2 - TCT CNC', 'Trung tâm Nghiên cứu Công nghệ chuyển mạch', 'Giám đốc Trung tâm'),
(299, 'huynd6', '070324', 'Nguyễn Đức Huy', 'Khối 2 - TCT CNC', 'Trung tâm Nghiên cứu Công nghệ chuyển mạch', 'Phó Giám đốc Trung tâm'),
(300, 'hienlv2', '102077', 'Lê Văn Hiên', 'Khối 2 - TCT CNC', 'Trung tâm Nghiên cứu Công nghệ chuyển mạch', 'Phó Giám đốc Trung tâm'),
(301, 'phongdv6', '198507', 'Đinh Văn Phong', 'Khối 2 - TCT CNC', 'Trung tâm Nghiên cứu Công nghệ chuyển mạch', 'Chủ nhiệm đề tài'),
(302, 'dieppq', '116661', 'Phạm Quang Điệp', 'Khối 2 - TCT CNC', 'Trung tâm Nghiên cứu Công nghệ chuyển mạch', 'Kỹ sư trưởng Công nghệ'),
(303, 'thanhdc3', '119561', 'Đoàn Cao Thanh', 'Khối 2 - TCT CNC', 'Trung tâm Nghiên cứu Công nghệ chuyển mạch', 'Kỹ sư trưởng Hệ thống'),
(304, 'phuongnth9', '129859', 'Nguyễn Thị Hoài Phương', 'Khối 2 - TCT CNC', 'Trung tâm Nghiên cứu Công nghệ chuyển mạch', 'Kỹ sư trưởng Công nghệ'),
(305, 'kyld', '134569', 'Lê Duy Kỳ', 'Khối 2 - TCT CNC', 'Trung tâm Nghiên cứu Công nghệ chuyển mạch', 'Kỹ sư trưởng Công nghệ'),
(306, 'thanhdn1', '169194', 'Đỗ Ngọc Thanh', 'Khối 2 - TCT CNC', 'Trung tâm Nghiên cứu Công nghệ chuyển mạch', 'Kỹ sư trưởng Công nghệ'),
(307, 'langnt1', '191693', 'Nguyễn Triều Lăng', 'Khối 2 - TCT CNC', 'Trung tâm Nghiên cứu Công nghệ chuyển mạch', 'Kỹ sư trưởng Công nghệ'),
(308, 'tinhnh2', '198556', 'Nguyễn Huy Tình', 'Khối 2 - TCT CNC', 'Trung tâm Nghiên cứu Công nghệ chuyển mạch', 'Kỹ sư trưởng Công nghệ'),
(309, 'toanln1', '206261', 'Lê Ngọc Toàn', 'Khối 2 - TCT CNC', 'Trung tâm Nghiên cứu Công nghệ chuyển mạch', 'Kỹ sư trưởng Công nghệ'),
(310, 'tiennx5', '169195', 'Nguyễn Xuân Tiến', 'Khối 2 - TCT CNC', 'Trung tâm Nghiên cứu Công nghệ chuyển mạch', 'Kỹ sư Phát triển phần mềm'),
(311, 'binhtd7', '177564', 'Trần Đức Bình', 'Khối 2 - TCT CNC', 'Trung tâm Nghiên cứu Công nghệ chuyển mạch', 'Kỹ sư Phát triển phần mềm'),
(312, 'tails', '204451', 'Lê Sỹ Tài', 'Khối 2 - TCT CNC', 'Trung tâm Nghiên cứu Công nghệ chuyển mạch', 'Kỹ sư Phát triển phần mềm'),
(313, 'manhpd', '206120', 'Phạm Đức Mạnh', 'Khối 2 - TCT CNC', 'Trung tâm Nghiên cứu Công nghệ chuyển mạch', 'Kỹ sư Phát triển phần mềm'),
(314, 'linhnd23', '206414', 'Nguyễn Đức Linh', 'Khối 2 - TCT CNC', 'Trung tâm Nghiên cứu Công nghệ chuyển mạch', 'Kỹ sư Phát triển phần mềm'),
(315, 'hoaibd1', '216017', 'Bá Đình Hoài', 'Khối 2 - TCT CNC', 'Trung tâm Nghiên cứu Công nghệ chuyển mạch', 'Kỹ sư Phát triển phần mềm'),
(316, 'dongnt18', '218135', 'Nguyễn Tiến Đông', 'Khối 2 - TCT CNC', 'Trung tâm Nghiên cứu Công nghệ chuyển mạch', 'Kỹ sư Phát triển phần mềm'),
(317, 'uynt2', '065452', 'Nguyễn Tiến Uy', 'Khối 2 - TCT CNC', 'Trung tâm Nghiên cứu Công nghệ chuyển mạch', 'Kỹ sư Phát triển phần mềm'),
(318, 'anhtt169', '191573', 'Triệu Tuấn Anh', 'Khối 2 - TCT CNC', 'Trung tâm Nghiên cứu Công nghệ chuyển mạch', 'Kỹ sư Phát triển phần mềm'),
(319, 'vuonglv', '196177', 'Lê Văn Vương', 'Khối 2 - TCT CNC', 'Trung tâm Nghiên cứu Công nghệ chuyển mạch', 'Kỹ sư Phát triển phần mềm'),
(320, 'thanglx6', '198504', 'Lê Xuân Thắng', 'Khối 2 - TCT CNC', 'Trung tâm Nghiên cứu Công nghệ chuyển mạch', 'Kỹ sư Phát triển phần mềm'),
(321, 'anhdt61', '198508', 'Đỗ Thế Anh', 'Khối 2 - TCT CNC', 'Trung tâm Nghiên cứu Công nghệ chuyển mạch', 'Kỹ sư Phát triển phần mềm'),
(322, 'lamnt221', '207843', 'Nguyễn Thế Lâm', 'Khối 2 - TCT CNC', 'Trung tâm Nghiên cứu Công nghệ chuyển mạch', 'Kỹ sư Phát triển phần mềm'),
(323, 'hieunt562', '209837', 'Nguyễn Thế Hiếu', 'Khối 2 - TCT CNC', 'Trung tâm Nghiên cứu Công nghệ chuyển mạch', 'Kỹ sư Phát triển phần mềm'),
(324, 'anhpt6', '064348', 'Phạm Tuấn Anh', 'Khối 2 - TCT CNC', 'Trung tâm Nghiên cứu OCS', 'Phó Giám đốc Trung tâm'),
(325, 'haind13', '116660', 'Nguyễn Đức Hải', 'Khối 2 - TCT CNC', 'Trung tâm Nghiên cứu OCS', 'Giám đốc Trung tâm'),
(326, 'thuyettv1', '166923', 'Trần Văn Thuyết', 'Khối 2 - TCT CNC', 'Trung tâm Nghiên cứu OCS', 'Kỹ sư trưởng Công nghệ'),
(327, 'chungtv7', '169196', 'Trịnh Văn Chung', 'Khối 2 - TCT CNC', 'Trung tâm Nghiên cứu OCS', 'Kỹ sư trưởng Hệ thống'),
(328, 'tuannv48', '187093', 'Nguyễn Văn Tuấn', 'Khối 2 - TCT CNC', 'Trung tâm Nghiên cứu OCS', 'Kỹ sư Phát triển phần mềm'),
(329, 'quannh22', '188478', 'Nguyễn Hoàng Quân', 'Khối 2 - TCT CNC', 'Trung tâm Nghiên cứu OCS', 'Kỹ sư trưởng Công nghệ'),
(330, 'thangnq16', '192600', 'Nguyễn Quang Thắng', 'Khối 2 - TCT CNC', 'Trung tâm Nghiên cứu OCS', 'Kỹ sư trưởng Công nghệ'),
(331, 'thuanlk', '194853', 'Lăng Khắc Thuận', 'Khối 2 - TCT CNC', 'Trung tâm Nghiên cứu OCS', 'Kỹ sư Hệ thống'),
(332, 'binhnh17', '209615', 'Nguyễn Hải Bình', 'Khối 2 - TCT CNC', 'Trung tâm Nghiên cứu OCS', 'Kỹ sư trưởng Công nghệ'),
(333, 'thodv', '169198', 'Đoàn Văn Thọ', 'Khối 2 - TCT CNC', 'Trung tâm Nghiên cứu OCS', 'Kỹ sư Phát triển phần mềm'),
(334, 'huanvq1', '194854', 'Vũ Quân Huân', 'Khối 2 - TCT CNC', 'Trung tâm Nghiên cứu OCS', 'Trưởng phòng Nghiên cứu Công nghệ tính cước'),
(335, 'habm2', '204929', 'Bùi Mạnh Hà', 'Khối 2 - TCT CNC', 'Trung tâm Nghiên cứu OCS', 'Kỹ sư Phát triển phần mềm'),
(336, 'huyenln', '206285', 'Lại Ngọc Huyền', 'Khối 2 - TCT CNC', 'Trung tâm Nghiên cứu OCS', 'Kỹ sư Phát triển phần mềm'),
(337, 'nampd6', '206287', 'Phạm Đức Nam', 'Khối 2 - TCT CNC', 'Trung tâm Nghiên cứu OCS', 'Kỹ sư Phát triển phần mềm'),
(338, 'duongnv21', '206288', 'Nguyễn Văn Dương', 'Khối 2 - TCT CNC', 'Trung tâm Nghiên cứu OCS', 'Kỹ sư trưởng Công nghệ'),
(339, 'quannt24', '206733', 'Nguyễn Tường Quân', 'Khối 2 - TCT CNC', 'Trung tâm Nghiên cứu OCS', 'Kỹ sư Phát triển phần mềm'),
(340, 'manhpv6', '209064', 'Phan Văn Mạnh', 'Khối 2 - TCT CNC', 'Trung tâm Nghiên cứu OCS', 'Kỹ sư Phát triển phần mềm'),
(341, 'hungtv7', '076402', 'Trịnh Văn Hùng', 'Khối 2 - TCT CNC', 'Trung tâm Nghiên cứu OCS', 'Kỹ sư trưởng Công nghệ'),
(342, 'nguyenvietthang', '011321', 'Nguyễn Việt Thắng', 'Khối 2 - TCT CNC', 'Trung tâm Smart connect', 'Phó Giám đốc Trung tâm'),
(343, 'hohieu', '012721', 'Hồ Trọng Hiếu', 'Khối 2 - TCT CNC', 'Trung tâm Smart connect', 'Giám đốc Trung tâm'),
(344, 'tuyendtn', '079711', 'Đỗ Thị Ngọc Tuyền', 'Khối 2 - TCT CNC', 'Trung tâm Smart connect', 'Chủ nhiệm đề tài'),
(345, 'ngocnmk', '208740', 'Nguyễn Minh Khánh Ngọc', 'Khối 2 - TCT CNC', 'Trung tâm Smart connect', 'Chủ nhiệm đề tài'),
(346, 'tungnm4', '079720', 'Nguyễn Minh Tùng', 'Khối 2 - TCT CNC', 'Trung tâm Smart connect', 'Kỹ sư trưởng Công nghệ'),
(347, 'tungnt34', '088320', 'Nguyễn Tiến Tùng', 'Khối 2 - TCT CNC', 'Trung tâm Smart connect', 'Kỹ sư trưởng Công nghệ'),
(348, 'chungnq1', '174234', 'Nguyễn Quốc Chung', 'Khối 2 - TCT CNC', 'Trung tâm Smart connect', 'Kỹ sư Hệ thống'),
(349, 'phuocnt6', '208742', 'Nguyễn Tuấn Phước', 'Khối 2 - TCT CNC', 'Trung tâm Smart connect', 'Trưởng phòng Thiết kế hệ thống'),
(350, 'anhlh15', '214505', 'Lê Hoàng Anh', 'Khối 2 - TCT CNC', 'Trung tâm Smart connect', 'Kỹ sư Hệ thống'),
(351, 'khoipt', '233339', 'Phan Trọng Khôi', 'Khối 2 - TCT CNC', 'Trung tâm Smart connect', 'Kỹ sư Hệ thống'),
(352, 'khiethv', '143453', 'Huỳnh Vi Khiết', 'Khối 2 - TCT CNC', 'Trung tâm Smart connect', 'Kỹ sư trưởng Công nghệ'),
(353, 'tannb', '156893', 'Nguyễn Bá Tân', 'Khối 2 - TCT CNC', 'Trung tâm Smart connect', 'Trưởng phòng Nghiên cứu công nghệ bảo mật di động'),
(354, 'minhnt31', '173314', 'Nguyễn Thanh Minh', 'Khối 2 - TCT CNC', 'Trung tâm Smart connect', 'Kỹ sư Phát triển phần mềm'),
(355, 'giangbb', '205102', 'Bùi Bình Giang', 'Khối 2 - TCT CNC', 'Trung tâm Smart connect', 'Kỹ sư trưởng Công nghệ'),
(356, 'loitm1', '218373', 'Trần Minh Lợi', 'Khối 2 - TCT CNC', 'Trung tâm Smart connect', 'Kỹ sư Phát triển phần mềm'),
(357, 'anhlt166', '226732', 'Lê Tuấn Anh', 'Khối 2 - TCT CNC', 'Trung tâm Smart connect', 'Kỹ sư Phát triển phần mềm hệ thống'),
(358, 'nhatvd2', '227546', 'Vũ Duy Nhất', 'Khối 2 - TCT CNC', 'Trung tâm Smart connect', 'Kỹ sư Phát triển phần mềm'),
(359, 'linhnc1', '081530', 'Nguyễn Chí Linh', 'Khối 2 - TCT CNC', 'Trung tâm Nghiên cứu thiết bị y tế', 'Phó Giám đốc Trung tâm'),
(360, 'chinhvd', '125508', 'Vũ Đức Chính', 'Khối 2 - TCT CNC', 'Trung tâm Nghiên cứu thiết bị y tế', 'Giám đốc Trung tâm'),
(361, 'hiennt26', '110558', 'Nguyễn Tiến Hiến', 'Khối 2 - TCT CNC', 'Trung tâm Nghiên cứu thiết bị y tế', 'Kỹ sư Hệ thống'),
(362, 'linhtt15', '199310', 'Từ Tuấn Linh', 'Khối 2 - TCT CNC', 'Trung tâm Nghiên cứu thiết bị y tế', 'Kỹ sư Hệ thống'),
(363, 'lampl', '199315', 'Phùng Lê Lâm', 'Khối 2 - TCT CNC', 'Trung tâm Nghiên cứu thiết bị y tế', 'Kỹ sư Hệ thống'),
(364, 'tuannq24', '199319', 'Nguyễn Quốc Tuấn', 'Khối 2 - TCT CNC', 'Trung tâm Nghiên cứu thiết bị y tế', 'Kỹ sư Hệ thống'),
(365, 'diemlt4', '204988', 'Lâm Thị Diễm', 'Khối 2 - TCT CNC', 'Trung tâm Nghiên cứu thiết bị y tế', 'Kỹ sư Hệ thống'),
(366, 'toanlv6', '123637', 'Lương Văn Toản', 'Khối 2 - TCT CNC', 'Phòng Quản lý sản xuất', 'Trưởng phòng Quản lý sản xuất'),
(367, 'haitd7', '113338', 'Tạ Đăng Hải', 'Khối 2 - TCT CNC', 'Phòng Quản lý sản xuất', 'Kỹ sư Công nghệ sản xuất'),
(368, 'linhdn9', '239025', 'Đỗ Ngọc Linh', 'Khối 2 - TCT CNC', 'Phòng Quản lý sản xuất', 'Kỹ sư Công nghệ sản xuất'),
(369, 'tuannq22', '192602', 'Nguyễn Quang Tuấn', 'Khối 2 - TCT CNC', 'Phòng Quản lý sản xuất', 'Kỹ sư Công nghệ sản xuất'),
(370, 'daumn', '235294', 'Mai Ngọc Dầu', 'Khối 2 - TCT CNC', 'Phòng Quản lý sản xuất', 'Kỹ sư Công nghệ sản xuất'),
(371, 'hoavtt2', '109018', 'Vũ Thị Thanh Hoa', 'Khối 2 - TCT CNC', 'Phòng Quản lý sản xuất', 'Kỹ sư Linh kiện'),
(372, 'oanhnt12', '204317', 'Nguyễn Thị Oanh', 'Khối 2 - TCT CNC', 'Phòng Quản lý sản xuất', 'Kỹ sư Linh kiện'),
(373, 'trangntd7', '218374', 'Ngô Thị Đoan Trang', 'Khối 2 - TCT CNC', 'Phòng Quản lý sản xuất', 'Nhân viên Sourcing'),
(374, 'haodt40', '231929', 'Đào Thị Hảo', 'Khối 2 - TCT CNC', 'Phòng Quản lý sản xuất', 'Kỹ sư Linh kiện'),
(375, 'thanhnv100', '227547', 'Nguyễn Văn Thành', 'Khối 2 - TCT CNC', 'Phòng Quản lý sản xuất', 'Kỹ sư Công nghệ sản xuất'),
(376, 'ngant10', '065624', 'Nguyễn Thị Nga', 'Khối 2 - TCT CNC', 'Phòng Đảm bảo chất lượng', 'Trưởng phòng Đảm bảo chất lượng'),
(377, 'hangpt5', '166924', 'Phạm Thị Hằng', 'Khối 2 - TCT CNC', 'Phòng Đảm bảo chất lượng', 'Kỹ sư Quản lý chất lượng'),
(378, 'hoanpt1', '194835', 'Phan Thị Hoàn', 'Khối 2 - TCT CNC', 'Phòng Đảm bảo chất lượng', 'Kỹ sư Quản lý chất lượng'),
(379, 'hongnt45', '199394', 'Ngô Thị Hồng', 'Khối 2 - TCT CNC', 'Phòng Đảm bảo chất lượng', 'Kỹ sư Quản lý chất lượng'),
(380, 'phuongntl11', '202013', 'Nguyễn Thị Lan Phương', 'Khối 2 - TCT CNC', 'Phòng Đảm bảo chất lượng', 'Kỹ sư Quản lý chất lượng'),
(381, 'donghn1', '071779', 'Hà Ngọc Đông', 'Khối 2 - TCT CNC', 'Phòng Đảm bảo chất lượng', 'Kỹ sư Đảm bảo chất lượng'),
(382, 'hieuht', '102016', 'Hoàng Trung Hiếu', 'Khối 2 - TCT CNC', 'Phòng Đảm bảo chất lượng', 'Kỹ sư Quản lý chất lượng'),
(383, 'giangptt', '196208', 'Phí Thị Thu Giang', 'Khối 2 - TCT CNC', 'Phòng Đảm bảo chất lượng', 'Kỹ sư Đảm bảo chất lượng'),
(384, 'lienvt1', '198516', 'Vũ Thị Liên', 'Khối 2 - TCT CNC', 'Phòng Đảm bảo chất lượng', 'Kỹ sư Đảm bảo chất lượng'),
(385, 'anhlp5', '140155', 'Lê Phương Anh', 'Khối 2 - TCT CNC', 'Phòng Đảm bảo chất lượng', 'Nhân viên Kiểm soát chất lượng'),
(386, 'nhungnth15', '175276', 'Nguyễn Thị Hồng Nhung', 'Khối 2 - TCT CNC', 'Phòng Đảm bảo chất lượng', 'Nhân viên Kiểm soát chất lượng'),
(387, 'luyenntk', '047561', 'Nguyễn Thị Kim Luyến', 'Khối 2 - TCT CNC', 'Phòng Tổng hợp', 'Phó phòng Tổng hợp'),
(388, 'baoct', '071839', 'Chu Thái Bảo', 'Khối 2 - TCT CNC', 'Phòng Tổng hợp', 'Phó phòng Tổng hợp'),
(389, 'sytd', '004041', 'Trần Danh Sỹ', 'Khối 2 - TCT CNC', 'Phòng Tổng hợp', 'Nhân viên Kế hoạch Tổng hợp'),
(390, 'thaoltp', '098288', 'Lưu Thị Phương Thảo', 'Khối 2 - TCT CNC', 'Phòng Tổng hợp', 'Nhân viên Kế hoạch Tổng hợp'),
(391, 'thanhltt1', '198558', 'Lê Thị Tuyết Thanh', 'Khối 2 - TCT CNC', 'Phòng Tổng hợp', 'Nhân viên Kế hoạch Tổng hợp'),
(392, 'lynn', '127496', 'Nghiêm Ngọc Ly', 'Khối 2 - TCT CNC', 'Phòng Tổng hợp', 'Nhân viên Quản lý tài sản'),
(393, 'ngoandt1', '202023', 'Đoàn Thị Ngoan', 'Khối 2 - TCT CNC', 'Phòng Tổng hợp', 'Nhân viên Quản lý tài sản'),
(394, 'lanttp', '008189', 'Trần Thị Phương Lan', 'Khối 2 - TCT CNC', 'Phòng Tổng hợp', 'Nhân viên Hỗ trợ dự án'),
(395, 'luyennt', '011034', 'Nguyễn Thị Luyện', 'Khối 2 - TCT CNC', 'Phòng Tổng hợp', 'Nhân viên Hỗ trợ dự án'),
(396, 'trannguyendung', '047512', 'Trần Nguyễn Dũng', 'Khối 2 - TCT CNC', 'Phòng Tổng hợp', 'Nhân viên Hỗ trợ dự án'),
(397, 'hanglt1', '059868', 'Lê Thị Hằng', 'Khối 2 - TCT CNC', 'Phòng Tổng hợp', 'Nhân viên Hỗ trợ dự án'),
(398, 'loanttt4', '125636', 'Trịnh Thị Thanh Loan', 'Khối 2 - TCT CNC', 'Phòng Tổng hợp', 'Nhân viên Hỗ trợ dự án'),
(399, 'huongntt62', '177561', 'Nguyễn Thị Thu Hương', 'Khối 2 - TCT CNC', 'Phòng Tổng hợp', 'Nhân viên Hỗ trợ dự án'),
(400, 'quangnv6', '067078', 'Nguyễn Văn Quang', 'Khối 2-Trung tâm dịch vụ sau bán hàng', 'Ban Giám đốc', 'Giám đốc Trung tâm');
INSERT INTO `users` (`id`, `login`, `MaNV`, `FullName`, `DonVi`, `Phongban`, `ChucDanh`) VALUES
(401, 'huynh2', '058347', 'Nguyễn Hữu Huy', 'Khối 2-Trung tâm dịch vụ sau bán hàng', 'Phòng Bảo hành sửa chữa', 'Kỹ sư Thiết bị mạng viễn thông'),
(402, 'thangnx6', '080794', 'Nguyễn Xuân Thắng', 'Khối 2-Trung tâm dịch vụ sau bán hàng', 'Phòng Triển khai sản phẩm', 'Trưởng phòng Triển khai sản phẩm'),
(403, 'namph1', '004110', 'Phùng Hải Nam', 'Khối 2-Trung tâm dịch vụ sau bán hàng', 'Phòng Triển khai sản phẩm', 'Kỹ sư Triển khai hạ tầng'),
(404, 'hieupv', '017245', 'Phạm Văn Hiệu', 'Khối 2-Trung tâm dịch vụ sau bán hàng', 'Phòng Triển khai sản phẩm', 'Kỹ sư Triển khai hạ tầng'),
(405, 'longvt', '071850', 'Vũ Trường Long', 'Khối 2-Trung tâm dịch vụ sau bán hàng', 'Phòng Triển khai sản phẩm', 'Kỹ sư Triển khai hạ tầng'),
(406, 'quanmv', '108632', 'Mai Văn Quân', 'Khối 2-Trung tâm dịch vụ sau bán hàng', 'Phòng Triển khai sản phẩm', 'Kỹ sư Triển khai hạ tầng'),
(407, 'binhdt8', '122226', 'Đặng Thanh Bình', 'Khối 2-Trung tâm dịch vụ sau bán hàng', 'Phòng Triển khai sản phẩm', 'Kỹ sư Triển khai hạ tầng'),
(408, 'hieppq2', '125172', 'Phạm Quang Hiệp', 'Khối 2-Trung tâm dịch vụ sau bán hàng', 'Phòng Triển khai sản phẩm', 'Kỹ sư Triển khai hạ tầng'),
(409, 'dungnq', '047173', 'Nguyễn Quang Dũng', 'Khối 2-Trung tâm dịch vụ sau bán hàng', 'Phòng Triển khai sản phẩm', 'Kỹ sư Triển khai hạ tầng'),
(410, 'hungtv37', '177560', 'Trần Văn Hùng', 'Khối 2-Trung tâm dịch vụ sau bán hàng', 'Phòng Triển khai sản phẩm', 'Kỹ sư Triển khai hạ tầng'),
(411, 'tuannm51', '194627', 'Nguyễn Minh Tuấn', 'Khối 2-Trung tâm dịch vụ sau bán hàng', 'Phòng Triển khai sản phẩm', 'Kỹ sư Triển khai hệ thống'),
(412, 'truongpt1', '121486', 'Phạm Trọng Trường', 'Khối 2-Trung tâm dịch vụ sau bán hàng', 'Phòng Triển khai sản phẩm', 'Kỹ sư Triển khai hạ tầng'),
(413, 'hannv13', '199311', 'Nguyễn Văn Hân', 'Khối 2-Trung tâm dịch vụ sau bán hàng', 'Phòng Triển khai sản phẩm', 'Kỹ sư Triển khai hạ tầng'),
(414, 'thoipv', '011220', 'Phan Viết Thời', 'Khối 2-Trung tâm dịch vụ sau bán hàng', 'Phòng Hỗ trợ kỹ thuật', 'Kỹ sư Hỗ trợ kỹ thuật'),
(415, 'tronglh', '119199', 'Lê Hữu Trọng', 'Khối 2-Trung tâm dịch vụ sau bán hàng', 'Phòng Hỗ trợ kỹ thuật', 'Kỹ sư Hỗ trợ kỹ thuật'),
(416, 'loanntt7', '198505', 'Nguyễn Thị Thanh Loan', 'Khối 2-Trung tâm dịch vụ sau bán hàng', 'Phòng Hỗ trợ kỹ thuật', 'Kỹ sư Hỗ trợ kỹ thuật'),
(417, 'namdt11', '205070', 'Đỗ Tuấn Nam', 'Khối 2-Trung tâm dịch vụ sau bán hàng', 'Phòng Hỗ trợ kỹ thuật', 'Kỹ sư Hỗ trợ kỹ thuật'),
(418, 'ducnm43', '208987', 'Nguyễn Minh Đức', 'Khối 2-Trung tâm dịch vụ sau bán hàng', 'Phòng Hỗ trợ kỹ thuật', 'Kỹ sư Hỗ trợ kỹ thuật'),
(419, 'hoangmd', '059084', 'Mai Đức Hoàng', 'Khối 2-Trung tâm dịch vụ sau bán hàng', 'Phòng Hỗ trợ kỹ thuật', 'Kỹ sư Hỗ trợ kỹ thuật'),
(420, 'ducvt', '095676', 'Vũ Tuấn Đức', 'Khối 2_ Trung tâm Kỹ thuật công nghệ', 'Ban Giám đốc', 'Giám đốc Trung tâm'),
(421, 'hapv8', '121861', 'Phạm Văn Hà', 'Khối 2_ Trung tâm Kỹ thuật công nghệ', 'Phòng Phần mềm hệ thống', 'Trưởng phòng Phần mềm hệ thống'),
(422, 'viettq20', '206742', 'Tạ Quốc Việt', 'Khối 2_ Trung tâm Kỹ thuật công nghệ', 'Phòng Phần mềm hệ thống', 'Phó phòng Phần mềm hệ thống'),
(423, 'quandv8', '199309', 'Đặng Văn Quân', 'Khối 2_ Trung tâm Kỹ thuật công nghệ', 'Phòng Phần mềm hệ thống', 'Kỹ sư Phát triển hệ điều hành'),
(424, 'vutt6', '206412', 'Tăng Thiên Vũ', 'Khối 2_ Trung tâm Kỹ thuật công nghệ', 'Phòng Phần mềm hệ thống', 'Kỹ sư Phát triển hệ điều hành'),
(425, 'hailc3', '212444', 'Lê Công Hải', 'Khối 2_ Trung tâm Kỹ thuật công nghệ', 'Phòng Phần mềm hệ thống', 'Kỹ sư Phát triển hệ điều hành'),
(426, 'tamnd12', '218528', 'Nguyễn Đình Tâm', 'Khối 2_ Trung tâm Kỹ thuật công nghệ', 'Phòng Phần mềm hệ thống', 'Kỹ sư Phát triển hệ điều hành'),
(427, 'cuongpn6', '233371', 'Phạm Ngọc Cường', 'Khối 2_ Trung tâm Kỹ thuật công nghệ', 'Phòng Phần mềm hệ thống', 'Kỹ sư Phát triển hệ điều hành'),
(428, 'quandh21', '237559', 'Đậu Hồng Quân', 'Khối 2_ Trung tâm Kỹ thuật công nghệ', 'Phòng Phần mềm hệ thống', 'Kỹ sư Phát triển hệ điều hành'),
(429, 'thuyennc', '239024', 'Nguyễn Công Thuyên', 'Khối 2_ Trung tâm Kỹ thuật công nghệ', 'Phòng Phần mềm hệ thống', 'Kỹ sư Phát triển hệ điều hành'),
(430, 'phuonghtkn', '240800', 'Hoàng Tăng Kim Nam Phương', 'Khối 2_ Trung tâm Kỹ thuật công nghệ', 'Phòng Phần mềm hệ thống', 'Kỹ sư Phát triển hệ điều hành'),
(431, 'sangtq2', '241087', 'Trần Quang Sang', 'Khối 2_ Trung tâm Kỹ thuật công nghệ', 'Phòng Phần mềm hệ thống', 'Kỹ sư Phát triển hệ điều hành'),
(432, 'quyetpt', '241088', 'Phan Tất Quyết', 'Khối 2_ Trung tâm Kỹ thuật công nghệ', 'Phòng Phần mềm hệ thống', 'Kỹ sư Phát triển hệ điều hành'),
(433, 'tienltm1', '241089', 'Lê Thúc Minh Tiến', 'Khối 2_ Trung tâm Kỹ thuật công nghệ', 'Phòng Phần mềm hệ thống', 'Kỹ sư Phát triển hệ điều hành'),
(434, 'kiennc7', '241090', 'Nguyễn Chí Kiên', 'Khối 2_ Trung tâm Kỹ thuật công nghệ', 'Phòng Phần mềm hệ thống', 'Kỹ sư Phát triển hệ điều hành'),
(435, 'trapx', '241146', 'Phạm Xuân Trà', 'Khối 2_ Trung tâm Kỹ thuật công nghệ', 'Phòng Phần mềm hệ thống', 'Kỹ sư Phát triển hệ điều hành'),
(436, 'huonghv2', '207456', 'Hà Văn Hướng', 'Khối 2_ Trung tâm Kỹ thuật công nghệ', 'Phòng Phần mềm hệ thống', 'Kỹ sư Phát triển Firmware'),
(437, 'vinhns1', '214207', 'Nguyễn Sư Vĩnh', 'Khối 2_ Trung tâm Kỹ thuật công nghệ', 'Phòng Phần mềm hệ thống', 'Kỹ sư Phát triển Firmware'),
(438, 'quanglvn', '232517', 'Lê Viết Nhật Quang', 'Khối 2_ Trung tâm Kỹ thuật công nghệ', 'Phòng Phần mềm hệ thống', 'Kỹ sư Phát triển Firmware'),
(439, 'haitn13', '241147', 'Trần Nam Hải', 'Khối 2_ Trung tâm Kỹ thuật công nghệ', 'Phòng Phần mềm hệ thống', 'Kỹ sư Phát triển hệ điều hành'),
(440, 'minhtb11', '087333', 'Trần Bình Minh', 'Khối 2_ Trung tâm Kỹ thuật công nghệ', 'Phòng Thiết kế kiểu dáng và đồ họa', 'Kỹ sư Thiết kế kiểu dáng'),
(441, 'trangtt67', '207687', 'Trương Thiên Trang', 'Khối 2_ Trung tâm Kỹ thuật công nghệ', 'Phòng Thiết kế kiểu dáng và đồ họa', 'Kỹ sư Thiết kế kiểu dáng'),
(442, 'thudk1', '223832', 'Đoàn Khánh Thư', 'Khối 2_ Trung tâm Kỹ thuật công nghệ', 'Phòng Thiết kế kiểu dáng và đồ họa', 'Kỹ sư Thiết kế kiểu dáng'),
(443, 'thuydt9', '075775', 'Đoàn Thu Thủy', 'Khối 2_ Trung tâm Kỹ thuật công nghệ', 'Phòng Kiểm thử', 'Phó phòng Kiểm thử'),
(444, 'thaontt4', '096877', 'Nguyễn Thị Thu Thảo', 'Khối 2_ Trung tâm Kỹ thuật công nghệ', 'Phòng Kiểm thử', 'Phó phòng Kiểm thử'),
(445, 'huyenttt9', '121864', 'Trần Thị Thu Huyền', 'Khối 2_ Trung tâm Kỹ thuật công nghệ', 'Phòng Kiểm thử', 'Trưởng phòng Kiểm thử'),
(446, 'thuynt63', '153773', 'Nguyễn Thanh Thủy', 'Khối 2_ Trung tâm Kỹ thuật công nghệ', 'Phòng Kiểm thử', 'Phó phòng Kiểm thử'),
(447, 'thuanltb1', '140799', 'Lê Thị Bích Thuận', 'Khối 2_ Trung tâm Kỹ thuật công nghệ', 'Phòng Kiểm thử', 'Kỹ sư Kiểm thử'),
(448, 'landth4', '166921', 'Dương Thị Hương Lan', 'Khối 2_ Trung tâm Kỹ thuật công nghệ', 'Phòng Kiểm thử', 'Kỹ sư Kiểm thử'),
(449, 'dungntt15', '196227', 'Nguyễn Thị Thùy Dung', 'Khối 2_ Trung tâm Kỹ thuật công nghệ', 'Phòng Kiểm thử', 'Kỹ sư Kiểm thử'),
(450, 'mailp', '238164', 'Lê Phương Mai', 'Khối 2_ Trung tâm Kỹ thuật công nghệ', 'Phòng Kiểm thử', 'Kỹ sư Kiểm thử'),
(451, 'hongcta1', '232734', 'Chu Thị Ánh Hồng', 'Khối 2_ Trung tâm Kỹ thuật công nghệ', 'Phòng Kiểm thử', 'Kỹ sư Kiểm thử'),
(452, 'minhdk', '070872', 'Đỗ Kiều Minh', 'Khối 2_ Trung tâm Kỹ thuật công nghệ', 'Phòng Kiểm thử', 'Kỹ sư Kiểm thử'),
(453, 'gamvt', '154073', 'Vũ Thị Gấm', 'Khối 2_ Trung tâm Kỹ thuật công nghệ', 'Phòng Kiểm thử', 'Kỹ sư Kiểm thử'),
(454, 'minhdth1', '154093', 'Đỗ Thị Hường Minh', 'Khối 2_ Trung tâm Kỹ thuật công nghệ', 'Phòng Kiểm thử', 'Kỹ sư Kiểm thử'),
(455, 'haitt20', '155713', 'Trịnh Thị Hải', 'Khối 2_ Trung tâm Kỹ thuật công nghệ', 'Phòng Kiểm thử', 'Kỹ sư Kiểm thử'),
(456, 'tuyennt11', '155714', 'Nguyễn Thị Tuyền', 'Khối 2_ Trung tâm Kỹ thuật công nghệ', 'Phòng Kiểm thử', 'Kỹ sư Kiểm thử'),
(457, 'huongtt51', '175278', 'Trần Thị Hương', 'Khối 2_ Trung tâm Kỹ thuật công nghệ', 'Phòng Kiểm thử', 'Kỹ sư Kiểm thử'),
(458, 'phuongpt20', '177555', 'Phạm Thị Phương', 'Khối 2_ Trung tâm Kỹ thuật công nghệ', 'Phòng Kiểm thử', 'Kỹ sư Kiểm thử'),
(459, 'trangpt11', '188238', 'Phạm Thu Trang', 'Khối 2_ Trung tâm Kỹ thuật công nghệ', 'Phòng Kiểm thử', 'Kỹ sư Kiểm thử'),
(460, 'movth', '196250', 'Vũ Thị Hồng Mơ', 'Khối 2_ Trung tâm Kỹ thuật công nghệ', 'Phòng Kiểm thử', 'Kỹ sư Kiểm thử'),
(461, 'giangdt23', '198502', 'Đinh Thu Giang', 'Khối 2_ Trung tâm Kỹ thuật công nghệ', 'Phòng Kiểm thử', 'Kỹ sư Kiểm thử'),
(462, 'hoakt', '198735', 'Kiều Thị Hòa', 'Khối 2_ Trung tâm Kỹ thuật công nghệ', 'Phòng Kiểm thử', 'Kỹ sư Kiểm thử'),
(463, 'thoapt', '199313', 'Phùng Thị Thỏa', 'Khối 2_ Trung tâm Kỹ thuật công nghệ', 'Phòng Kiểm thử', 'Kỹ sư Kiểm thử'),
(464, 'honglt16', '202155', 'Lê Thị Hồng', 'Khối 2_ Trung tâm Kỹ thuật công nghệ', 'Phòng Kiểm thử', 'Kỹ sư Kiểm thử'),
(465, 'trangnth36', '204708', 'Nguyễn Thị Huyền Trang', 'Khối 2_ Trung tâm Kỹ thuật công nghệ', 'Phòng Kiểm thử', 'Kỹ sư Kiểm thử'),
(466, 'thomlt4', '219122', 'Lưu Thị Thơm', 'Khối 2_ Trung tâm Kỹ thuật công nghệ', 'Phòng Kiểm thử', 'Kỹ sư Kiểm thử'),
(467, 'nguyenpm2', '223023', 'Phạm Minh Nguyên', 'Khối 2_ Trung tâm Kỹ thuật công nghệ', 'Phòng Kiểm thử', 'Kỹ sư Kiểm thử'),
(468, 'thult28', '231551', 'Lưu Thị Thu', 'Khối 2_ Trung tâm Kỹ thuật công nghệ', 'Phòng Kiểm thử', 'Kỹ sư Kiểm thử'),
(469, 'huonglt157', '233750', 'Lê Thu Hương', 'Khối 2_ Trung tâm Kỹ thuật công nghệ', 'Phòng Kiểm thử', 'Kỹ sư Kiểm thử'),
(470, 'loannt70', '240739', 'Nguyễn Thị Loan', 'Khối 2_ Trung tâm Kỹ thuật công nghệ', 'Phòng Kiểm thử', 'Kỹ sư Kiểm thử'),
(471, 'nhungdt28', '240865', 'Đào Thị Nhung', 'Khối 2_ Trung tâm Kỹ thuật công nghệ', 'Phòng Kiểm thử', 'Kỹ sư Kiểm thử'),
(472, 'trangnth62', '241086', 'Nguyễn Thị Huyền Trang', 'Khối 2_ Trung tâm Kỹ thuật công nghệ', 'Phòng Kiểm thử', 'Kỹ sư Kiểm thử'),
(473, 'huentm3', '169199', 'Nguyễn Thị Minh Huệ', 'Khối 2_ Trung tâm Kỹ thuật công nghệ', 'Phòng Kiểm thử', 'Kỹ sư Kiểm thử'),
(474, 'hoahtq', '171668', 'Hoàng Thị Quỳnh Hoa', 'Khối 2_ Trung tâm Kỹ thuật công nghệ', 'Phòng Kiểm thử', 'Kỹ sư Kiểm thử'),
(475, 'hongnt39', '177559', 'Nguyễn Thị Hồng', 'Khối 2_ Trung tâm Kỹ thuật công nghệ', 'Phòng Kiểm thử', 'Kỹ sư Kiểm thử'),
(476, 'halt20', '196175', 'Lê Thị Hà', 'Khối 2_ Trung tâm Kỹ thuật công nghệ', 'Phòng Kiểm thử', 'Kỹ sư Kiểm thử'),
(477, 'trangnth32', '196185', 'Nguyễn Thị Huyền Trang', 'Khối 2_ Trung tâm Kỹ thuật công nghệ', 'Phòng Kiểm thử', 'Kỹ sư Kiểm thử'),
(478, 'hoaint8', '196195', 'Ngô Thị Hoài', 'Khối 2_ Trung tâm Kỹ thuật công nghệ', 'Phòng Kiểm thử', 'Kỹ sư Kiểm thử'),
(479, 'tuyenlt6', '198503', 'Lê Thị Tuyền', 'Khối 2_ Trung tâm Kỹ thuật công nghệ', 'Phòng Kiểm thử', 'Kỹ sư Kiểm thử'),
(480, 'huongnt163', '198517', 'Nguyễn Thu Hương', 'Khối 2_ Trung tâm Kỹ thuật công nghệ', 'Phòng Kiểm thử', 'Kỹ sư Kiểm thử'),
(481, 'phuongntn2', '199125', 'Nguyễn Thị Ngọc Phương', 'Khối 2_ Trung tâm Kỹ thuật công nghệ', 'Phòng Kiểm thử', 'Kỹ sư Kiểm thử'),
(482, 'huyennt41', '199130', 'Nguyễn Thị Huyền', 'Khối 2_ Trung tâm Kỹ thuật công nghệ', 'Phòng Kiểm thử', 'Kỹ sư Kiểm thử'),
(483, 'tuoipth', '202010', 'Phạm Thị Hồng Tươi', 'Khối 2_ Trung tâm Kỹ thuật công nghệ', 'Phòng Kiểm thử', 'Kỹ sư Kiểm thử'),
(484, 'hongpt15', '202015', 'Phạm Thúy Hồng', 'Khối 2_ Trung tâm Kỹ thuật công nghệ', 'Phòng Kiểm thử', 'Kỹ sư Kiểm thử'),
(485, 'liemnt12', '204703', 'Nguyễn Thị Liêm', 'Khối 2_ Trung tâm Kỹ thuật công nghệ', 'Phòng Kiểm thử', 'Kỹ sư Kiểm thử'),
(486, 'phuonglt55', '208774', 'Lương Thúy Phương', 'Khối 2_ Trung tâm Kỹ thuật công nghệ', 'Phòng Kiểm thử', 'Kỹ sư Kiểm thử'),
(487, 'nguyetntm10', '228397', 'Ngô Thị Minh Nguyệt', 'Khối 2_ Trung tâm Kỹ thuật công nghệ', 'Phòng Kiểm thử', 'Kỹ sư Kiểm thử'),
(488, 'linhnt115', '231946', 'Nguyễn Thị Linh', 'Khối 2_ Trung tâm Kỹ thuật công nghệ', 'Phòng Kiểm thử', 'Kỹ sư Kiểm thử'),
(489, 'thunt92', '234632', 'Nguyễn Thị Thu', 'Khối 2_ Trung tâm Kỹ thuật công nghệ', 'Phòng Kiểm thử', 'Kỹ sư Kiểm thử'),
(490, 'khanhbt', '084922', 'Bùi Thị Khanh', 'Khối 2_ Trung tâm Kỹ thuật công nghệ', 'Phòng Kiểm thử', 'Kỹ sư Kiểm thử'),
(491, 'thanhlt11', '094479', 'Lê Thị Thanh', 'Khối 2_ Trung tâm Kỹ thuật công nghệ', 'Phòng Kiểm thử', 'Kỹ sư Kiểm thử'),
(492, 'anhnt159', '144033', 'Nguyễn Thùy Anh', 'Khối 2_ Trung tâm Kỹ thuật công nghệ', 'Phòng Kiểm thử', 'Kỹ sư Kiểm thử'),
(493, 'tudt8', '176573', 'Diệp Thị Tư', 'Khối 2_ Trung tâm Kỹ thuật công nghệ', 'Phòng Kiểm thử', 'Kỹ sư Kiểm thử'),
(494, 'tiennt13', '200814', 'Nguyễn Trần Tiến', 'Khối 2_ Trung tâm Kỹ thuật công nghệ', 'Phòng Kiểm thử', 'Kỹ sư Kiểm thử'),
(495, 'miennt2', '213932', 'Nguyễn Thị Miên', 'Khối 2_ Trung tâm Kỹ thuật công nghệ', 'Phòng Kiểm thử', 'Kỹ sư Kiểm thử'),
(496, 'dungtx', '047735', 'Trần Xuân Dũng', 'Khối 2_ Trung tâm Kỹ thuật công nghệ', 'Phòng Phần mềm ứng dụng', 'Trưởng phòng Phần mềm Ứng dụng'),
(497, 'tinmt', '142613', 'Mai Trung Tín', 'Khối 2_ Trung tâm Kỹ thuật công nghệ', 'Phòng Phần mềm ứng dụng', 'Kỹ sư Phát triển phần mềm'),
(498, 'hungnv138', '178253', 'Nguyễn Việt Hùng', 'Khối 2_ Trung tâm Kỹ thuật công nghệ', 'Phòng Phần mềm ứng dụng', 'Kỹ sư Phát triển phần mềm'),
(499, 'longnv29', '199307', 'Nguyễn Việt Long', 'Khối 2_ Trung tâm Kỹ thuật công nghệ', 'Phòng Phần mềm ứng dụng', 'Kỹ sư Phát triển phần mềm'),
(500, 'diennd2', '204657', 'Nguyễn Đức Diễn', 'Khối 2_ Trung tâm Kỹ thuật công nghệ', 'Phòng Phần mềm ứng dụng', 'Kỹ sư Phát triển phần mềm'),
(501, 'hientx', '209840', 'Trần Xuân Hiền', 'Khối 2_ Trung tâm Kỹ thuật công nghệ', 'Phòng Phần mềm ứng dụng', 'Kỹ sư Phát triển phần mềm'),
(502, 'hieuhk', '223827', 'Hoàng Khắc Hiếu', 'Khối 2_ Trung tâm Kỹ thuật công nghệ', 'Phòng Phần mềm ứng dụng', 'Kỹ sư Phát triển phần mềm'),
(503, 'anhcn6', '223830', 'Chu Nam Anh', 'Khối 2_ Trung tâm Kỹ thuật công nghệ', 'Phòng Phần mềm ứng dụng', 'Kỹ sư Phát triển phần mềm'),
(504, 'tuyenpd4', '227548', 'Phạm Đức Tuyên', 'Khối 2_ Trung tâm Kỹ thuật công nghệ', 'Phòng Phần mềm ứng dụng', 'Kỹ sư Phát triển phần mềm'),
(505, 'duclm22', '227743', 'Lê Minh Đức', 'Khối 2_ Trung tâm Kỹ thuật công nghệ', 'Phòng Phần mềm ứng dụng', 'Kỹ sư Phát triển phần mềm'),
(506, 'hungdv39', '228687', 'Đặng Việt Hưng', 'Khối 2_ Trung tâm Kỹ thuật công nghệ', 'Phòng Phần mềm ứng dụng', 'Kỹ sư Phát triển phần mềm'),
(507, 'truongnn18', '235768', 'Nguyễn Nhật Trường', 'Khối 2_ Trung tâm Kỹ thuật công nghệ', 'Phòng Phần mềm ứng dụng', 'Kỹ sư Phát triển phần mềm'),
(508, 'tuanvd10', '235951', 'Vũ Đức Tuấn', 'Khối 2_ Trung tâm Kỹ thuật công nghệ', 'Phòng Phần mềm ứng dụng', 'Kỹ sư Phát triển phần mềm'),
(509, 'ducnt48', '238914', 'Nguyễn Trọng Đức', 'Khối 2_ Trung tâm Kỹ thuật công nghệ', 'Phòng Phần mềm ứng dụng', 'Kỹ sư Phát triển phần mềm'),
(510, 'phuongnd28', '204015', 'Nguyễn Duy Phương', 'Khối 2_ Trung tâm Kỹ thuật công nghệ', 'Phòng Phần mềm ứng dụng', 'Kỹ sư Phát triển phần mềm'),
(511, 'sontn121', '207675', 'Trương Ngọc Sơn', 'Khối 2_ Trung tâm Kỹ thuật công nghệ', 'Phòng Phần mềm ứng dụng', 'Kỹ sư Phát triển phần mềm'),
(512, 'giangnv15', '222104', 'Nguyễn Văn Giang', 'Khối 2_ Trung tâm Kỹ thuật công nghệ', 'Phòng Phần mềm ứng dụng', 'Kỹ sư Phát triển phần mềm'),
(513, 'giangtm1', '237372', 'Trần Minh Giang', 'Khối 2_ Trung tâm Kỹ thuật công nghệ', 'Phòng Phần mềm ứng dụng', 'Kỹ sư Phát triển phần mềm'),
(514, 'tain63', '238628', 'Nguyễn Tài', 'Khối 2_ Trung tâm Kỹ thuật công nghệ', 'Phòng Phần mềm ứng dụng', 'Kỹ sư Phát triển phần mềm'),
(515, 'ducns3', '238645', 'Nguyễn Sỹ Đức', 'Khối 2_ Trung tâm Kỹ thuật công nghệ', 'Phòng Phần mềm ứng dụng', 'Kỹ sư Phát triển phần mềm'),
(516, 'minhln6', '238655', 'Lê Ngọc Minh', 'Khối 2_ Trung tâm Kỹ thuật công nghệ', 'Phòng Phần mềm ứng dụng', 'Kỹ sư Phát triển phần mềm'),
(517, 'tungdt33', '240799', 'Đặng Thanh Tùng', 'Khối 2_ Trung tâm Kỹ thuật công nghệ', 'Phòng Phần mềm ứng dụng', 'Kỹ sư Phát triển phần mềm'),
(518, 'phucnt19', '240801', 'Nguyễn Trọng Phúc', 'Khối 2_ Trung tâm Kỹ thuật công nghệ', 'Phòng Phần mềm ứng dụng', 'Kỹ sư Phát triển phần mềm'),
(519, 'uytcd', '240803', 'Trương Công Đức Uy', 'Khối 2_ Trung tâm Kỹ thuật công nghệ', 'Phòng Phần mềm ứng dụng', 'Kỹ sư Phát triển phần mềm'),
(520, 'sonbh1', '182136', 'Bùi Hải Sơn', 'Khối 2_ Trung tâm Kỹ thuật công nghệ', 'Phòng Phần mềm ứng dụng', 'Kỹ sư Phát triển phần mềm'),
(521, 'hoaidt3', '199755', 'Đỗ Thị Hoài', 'Khối 2_ Trung tâm Kỹ thuật công nghệ', 'Phòng Phần mềm ứng dụng', 'Kỹ sư Phát triển phần mềm'),
(522, 'cuongdk6', '211958', 'Đoàn Khả Cương', 'Khối 2_ Trung tâm Kỹ thuật công nghệ', 'Phòng Phần mềm ứng dụng', 'Kỹ sư Phát triển phần mềm'),
(523, 'linhpn7', '212443', 'Phạm Nhật Linh', 'Khối 2_ Trung tâm Kỹ thuật công nghệ', 'Phòng Phần mềm ứng dụng', 'Kỹ sư Phát triển phần mềm'),
(524, 'anhbt41', '219126', 'Bùi Tuấn Anh', 'Khối 2_ Trung tâm Kỹ thuật công nghệ', 'Phòng Phần mềm ứng dụng', 'Kỹ sư Phát triển phần mềm'),
(525, 'anhnd128', '219128', 'Nguyễn Đức Anh', 'Khối 2_ Trung tâm Kỹ thuật công nghệ', 'Phòng Phần mềm ứng dụng', 'Kỹ sư Phát triển phần mềm'),
(526, 'thaolt37', '220154', 'Lê Trọng Thảo', 'Khối 2_ Trung tâm Kỹ thuật công nghệ', 'Phòng Phần mềm ứng dụng', 'Kỹ sư Phát triển phần mềm'),
(527, 'anhpt148', '221196', 'Phan Tuấn Anh', 'Khối 2_ Trung tâm Kỹ thuật công nghệ', 'Phòng Phần mềm ứng dụng', 'Kỹ sư Phát triển phần mềm'),
(528, 'giangnd13', '227609', 'Nguyễn Duy Giang', 'Khối 2_ Trung tâm Kỹ thuật công nghệ', 'Phòng Phần mềm ứng dụng', 'Kỹ sư Phát triển phần mềm'),
(529, 'nhunght11', '228632', 'Hoàng Thị Nhung', 'Khối 2_ Trung tâm Kỹ thuật công nghệ', 'Phòng Phần mềm ứng dụng', 'Kỹ sư Phát triển phần mềm'),
(530, 'hungcd4', '229750', 'Chu Đình Hưng', 'Khối 2_ Trung tâm Kỹ thuật công nghệ', 'Phòng Phần mềm ứng dụng', 'Kỹ sư Phát triển phần mềm'),
(531, 'khoinv6', '231599', 'Nguyễn Văn Khởi', 'Khối 2_ Trung tâm Kỹ thuật công nghệ', 'Phòng Phần mềm ứng dụng', 'Kỹ sư Phát triển phần mềm'),
(532, 'chienbv2', '231860', 'Bùi Văn Chiến', 'Khối 2_ Trung tâm Kỹ thuật công nghệ', 'Phòng Phần mềm ứng dụng', 'Kỹ sư Phát triển phần mềm'),
(533, 'datdq5', '233370', 'Đỗ Quang Đạt', 'Khối 2_ Trung tâm Kỹ thuật công nghệ', 'Phòng Phần mềm ứng dụng', 'Kỹ sư Phát triển phần mềm'),
(534, 'dungns1', '233372', 'Nguyễn Sỹ Dũng', 'Khối 2_ Trung tâm Kỹ thuật công nghệ', 'Phòng Phần mềm ứng dụng', 'Kỹ sư Phát triển phần mềm'),
(535, 'lamtv10', '233588', 'Tô Văn Lâm', 'Khối 2_ Trung tâm Kỹ thuật công nghệ', 'Phòng Phần mềm ứng dụng', 'Kỹ sư Phát triển phần mềm'),
(536, 'hieph15', '234415', 'Hoàng Hiệp', 'Khối 2_ Trung tâm Kỹ thuật công nghệ', 'Phòng Phần mềm ứng dụng', 'Kỹ sư Phát triển phần mềm'),
(537, 'hungnd62', '234518', 'Nguyễn Đình Hùng', 'Khối 2_ Trung tâm Kỹ thuật công nghệ', 'Phòng Phần mềm ứng dụng', 'Kỹ sư Phát triển phần mềm'),
(538, 'thongvx', '235611', 'Vương Xuân Thong', 'Khối 2_ Trung tâm Kỹ thuật công nghệ', 'Phòng Phần mềm ứng dụng', 'Kỹ sư Phát triển phần mềm'),
(539, 'manhnt22', '235954', 'Nguyễn Tiến Mạnh', 'Khối 2_ Trung tâm Kỹ thuật công nghệ', 'Phòng Phần mềm ứng dụng', 'Kỹ sư Phát triển phần mềm'),
(540, 'longdt20', '238913', 'Đoàn Thế Long', 'Khối 2_ Trung tâm Kỹ thuật công nghệ', 'Phòng Phần mềm ứng dụng', 'Kỹ sư Phát triển phần mềm'),
(541, 'tienlx2', '239920', 'Lương Xuân Tiến', 'Khối 2_ Trung tâm Kỹ thuật công nghệ', 'Phòng Phần mềm ứng dụng', 'Kỹ sư Phát triển phần mềm'),
(542, 'tungna', '240446', 'Nguyễn Anh Tùng', 'Khối 2_ Trung tâm Kỹ thuật công nghệ', 'Phòng Phần mềm ứng dụng', 'Kỹ sư Phát triển phần mềm'),
(543, 'hiephv3', '240779', 'Hoàng Văn Hiệp', 'Khối 2_ Trung tâm Kỹ thuật công nghệ', 'Phòng Phần mềm ứng dụng', 'Kỹ sư Phát triển phần mềm'),
(544, 'tupt18', '240877', 'Phạm Thanh Tú', 'Khối 2_ Trung tâm Kỹ thuật công nghệ', 'Phòng Phần mềm ứng dụng', 'Kỹ sư Phát triển phần mềm'),
(545, 'sangpt11', '241085', 'Phạm Tuấn Sang', 'Khối 2_ Trung tâm Kỹ thuật công nghệ', 'Phòng Phần mềm ứng dụng', 'Kỹ sư Phát triển phần mềm'),
(546, 'chinhnx4', '241095', 'Nguyễn Xuân Chính', 'Khối 2_ Trung tâm Kỹ thuật công nghệ', 'Phòng Phần mềm ứng dụng', 'Kỹ sư Phát triển phần mềm'),
(547, 'namnv27', '175277', 'Nguyễn Văn Nam', 'Khối 2_ Trung tâm Kỹ thuật công nghệ', 'Phòng Phần mềm ứng dụng', 'Kỹ sư Phát triển phần mềm'),
(548, 'lucnt14', '206741', 'Nguyễn Tiến Lực', 'Khối 2_ Trung tâm Kỹ thuật công nghệ', 'Phòng Phần mềm ứng dụng', 'Kỹ sư Phát triển phần mềm'),
(549, 'cuongdv25', '238622', 'Diệp Vĩ Cường', 'Khối 2_ Trung tâm Kỹ thuật công nghệ', 'Phòng Phần mềm ứng dụng', 'Kỹ sư Phát triển phần mềm'),
(550, 'khaipa', '238654', 'Phan Anh Khải', 'Khối 2_ Trung tâm Kỹ thuật công nghệ', 'Phòng Phần mềm ứng dụng', 'Kỹ sư Phát triển phần mềm'),
(551, 'minhlq7', '238656', 'Lê Quang Minh', 'Khối 2_ Trung tâm Kỹ thuật công nghệ', 'Phòng Phần mềm ứng dụng', 'Kỹ sư Phát triển phần mềm'),
(552, 'linhdm2', '207349', 'Đào Mạnh Linh', 'Khối 2_ Trung tâm Kỹ thuật công nghệ', 'Phòng Phần mềm ứng dụng', 'Kỹ sư Phát triển phần mềm'),
(553, 'chuyenlt', '208945', 'Lương Thị Chuyền', 'Khối 2_ Trung tâm Kỹ thuật công nghệ', 'Phòng Phần mềm ứng dụng', 'Kỹ sư Phát triển phần mềm'),
(554, 'hungpv49', '213928', 'Phan Văn Hưng', 'Khối 2_ Trung tâm Kỹ thuật công nghệ', 'Phòng Phần mềm ứng dụng', 'Kỹ sư Phát triển phần mềm'),
(555, 'khangtg', '227500', 'Trương Giang Khang', 'Khối 2_ Trung tâm Kỹ thuật công nghệ', 'Phòng Phần mềm ứng dụng', 'Kỹ sư Phát triển phần mềm'),
(556, 'hungph8', '227742', 'Phạm Huy Hùng', 'Khối 2_ Trung tâm Kỹ thuật công nghệ', 'Phòng Phần mềm ứng dụng', 'Kỹ sư Phát triển phần mềm'),
(557, 'tunx3', '228399', 'Nguyễn Xuân Tú', 'Khối 2_ Trung tâm Kỹ thuật công nghệ', 'Phòng Phần mềm ứng dụng', 'Kỹ sư Phát triển phần mềm'),
(558, 'chungvv1', '230619', 'Vũ Văn Chung', 'Khối 2_ Trung tâm Kỹ thuật công nghệ', 'Phòng Phần mềm ứng dụng', 'Kỹ sư Phát triển phần mềm'),
(559, 'sonnv47', '232452', 'Nguyễn Văn Sơn', 'Khối 2_ Trung tâm Kỹ thuật công nghệ', 'Phòng Phần mềm ứng dụng', 'Kỹ sư Phát triển phần mềm'),
(560, 'sonpt26', '233511', 'Phạm Thanh Sơn', 'Khối 2_ Trung tâm Kỹ thuật công nghệ', 'Phòng Phần mềm ứng dụng', 'Kỹ sư Phát triển phần mềm'),
(561, 'vinhcx2', '237028', 'Chu Xuân Vĩnh', 'Khối 2_ Trung tâm Kỹ thuật công nghệ', 'Phòng Phần mềm ứng dụng', 'Kỹ sư Phát triển phần mềm'),
(562, 'anhct23', '239919', 'Chu Tuấn Anh', 'Khối 2_ Trung tâm Kỹ thuật công nghệ', 'Phòng Phần mềm ứng dụng', 'Kỹ sư Phát triển phần mềm'),
(563, 'manhkv', '198557', 'Khổng Văn Mạnh', 'Khối 2_ Trung tâm Kỹ thuật công nghệ', 'Phòng Cơ khí', 'Trưởng phòng Cơ khí'),
(564, 'anhmt21', '197533', 'Mai Tuấn Anh', 'Khối 2_ Trung tâm Kỹ thuật công nghệ', 'Phòng Cơ khí', 'Kỹ sư Thiết kế cơ khí'),
(565, 'hungdv32', '206463', 'Dương Văn Hưng', 'Khối 2_ Trung tâm Kỹ thuật công nghệ', 'Phòng Cơ khí', 'Kỹ sư Thiết kế cơ khí'),
(566, 'vutt9', '208026', 'Trần Thanh Vũ', 'Khối 2_ Trung tâm Kỹ thuật công nghệ', 'Phòng Cơ khí', 'Kỹ sư Thiết kế cơ khí'),
(567, 'minhvd2', '211307', 'Vũ Đức Minh', 'Khối 2_ Trung tâm Kỹ thuật công nghệ', 'Phòng Cơ khí', 'Kỹ sư Thiết kế cơ khí'),
(568, 'chieunc', '214110', 'Nguyễn Công Chiểu', 'Khối 2_ Trung tâm Kỹ thuật công nghệ', 'Phòng Cơ khí', 'Kỹ sư Thiết kế cơ khí'),
(569, 'haidv23', '217297', 'Đinh Văn Hải', 'Khối 2_ Trung tâm Kỹ thuật công nghệ', 'Phòng Cơ khí', 'Kỹ sư Thiết kế cơ khí'),
(570, 'thongds', '204843', 'Đinh Sỹ Thông', 'Khối 2_ Trung tâm Kỹ thuật công nghệ', 'Phòng Cơ khí', 'Kỹ sư Thiết kế cơ khí'),
(571, 'khanhbt1', '121233', 'Bùi Trung Khánh', 'Khối 2_ Trung tâm Kỹ thuật công nghệ', 'Phòng Cơ khí', 'Kỹ sư Thiết kế cơ khí'),
(572, 'tuanpt11', '199099', 'Phạm Thanh Tuấn', 'Khối 2_ Trung tâm Kỹ thuật công nghệ', 'Phòng Cơ khí', 'Kỹ sư Thiết kế cơ khí'),
(573, 'dienntm', '092260', 'Nguyễn Tử Minh Diện', 'Khối 2_ Trung tâm Kỹ thuật công nghệ', 'Phòng Thiết kế phần cứng', 'Phó phòng Thiết kế Phần cứng'),
(574, 'trunght2', '120350', 'Hoàng Tiến Trung', 'Khối 2_ Trung tâm Kỹ thuật công nghệ', 'Phòng Thiết kế phần cứng', 'Trưởng phòng Thiết kế phần cứng'),
(575, 'lappx', '085337', 'Phạm Xuân Lập', 'Khối 2_ Trung tâm Kỹ thuật công nghệ', 'Phòng Thiết kế phần cứng', 'Kỹ sư Thiết kế sơ đồ nguyên lý'),
(576, 'lamnv7', '144034', 'Nguyễn Vũ Lâm', 'Khối 2_ Trung tâm Kỹ thuật công nghệ', 'Phòng Thiết kế phần cứng', 'Kỹ sư Thiết kế sơ đồ nguyên lý'),
(577, 'hoclv1', '176054', 'Lê Văn Học', 'Khối 2_ Trung tâm Kỹ thuật công nghệ', 'Phòng Thiết kế phần cứng', 'Kỹ sư Thiết kế sơ đồ nguyên lý'),
(578, 'cuongvm8', '194824', 'Vũ Mạnh Cường', 'Khối 2_ Trung tâm Kỹ thuật công nghệ', 'Phòng Thiết kế phần cứng', 'Kỹ sư Thiết kế sơ đồ nguyên lý'),
(579, 'phantt1', '195453', 'Trần Trường Phan', 'Khối 2_ Trung tâm Kỹ thuật công nghệ', 'Phòng Thiết kế phần cứng', 'Kỹ sư Thiết kế sơ đồ nguyên lý'),
(580, 'tungnd16', '198494', 'Nguyễn Đăng Tùng', 'Khối 2_ Trung tâm Kỹ thuật công nghệ', 'Phòng Thiết kế phần cứng', 'Kỹ sư Thiết kế sơ đồ nguyên lý'),
(581, 'tupn5', '198513', 'Phí Ngọc Tú', 'Khối 2_ Trung tâm Kỹ thuật công nghệ', 'Phòng Thiết kế phần cứng', 'Kỹ sư Thiết kế sơ đồ nguyên lý'),
(582, 'hieunv43', '235653', 'Nguyễn Văn Hiếu', 'Khối 2_ Trung tâm Kỹ thuật công nghệ', 'Phòng Thiết kế phần cứng', 'Kỹ sư Thiết kế sơ đồ nguyên lý'),
(583, 'sonvh10', '236526', 'Vũ Hồng Sơn', 'Khối 2_ Trung tâm Kỹ thuật công nghệ', 'Phòng Thiết kế phần cứng', 'Kỹ sư Thiết kế sơ đồ nguyên lý'),
(584, 'sangtm2', '141373', 'Trương Minh Sang', 'Khối 2_ Trung tâm Kỹ thuật công nghệ', 'Phòng Thiết kế phần cứng', 'Kỹ sư Thiết kế bo mạch'),
(585, 'hungnd43', '185497', 'Nguyễn Đức Hùng', 'Khối 2_ Trung tâm Kỹ thuật công nghệ', 'Phòng Thiết kế phần cứng', 'Kỹ sư Thiết kế bo mạch'),
(586, 'quanghv12', '228225', 'Hoàng Văn Quang', 'Khối 2_ Trung tâm Kỹ thuật công nghệ', 'Phòng Thiết kế phần cứng', 'Kỹ sư Thiết kế bo mạch'),
(587, 'toannt26', '235018', 'Nguyễn Thế Toàn', 'Khối 2_ Trung tâm Kỹ thuật công nghệ', 'Phòng Thiết kế phần cứng', 'Kỹ sư Thiết kế bo mạch'),
(588, 'ngocnb10', '170214', 'Nguyễn Bảo Ngọc', 'Khối 2_ Trung tâm Kỹ thuật công nghệ', 'Phòng Thiết kế phần cứng', 'Kỹ sư Mô phỏng SI'),
(589, 'hoaitt8', '198512', 'Trần Thị Hoài', 'Khối 2_ Trung tâm Kỹ thuật công nghệ', 'Phòng Thiết kế phần cứng', 'Kỹ sư Thiết kế sơ đồ nguyên lý'),
(590, 'thaopta1', '199314', 'Phạm Trần Anh Thảo', 'Khối 2_ Trung tâm Kỹ thuật công nghệ', 'Phòng Thiết kế phần cứng', 'Kỹ sư Thiết kế sơ đồ nguyên lý'),
(591, 'trunglq7', '134597', 'Lê Quốc Trung', 'Khối 2_ Trung tâm Kỹ thuật công nghệ', 'Phòng phát triển phần mềm hệ thống viễn thông', 'Phó phòng Phát triển PM hệ thống viễn thông'),
(592, 'ducdm4', '206280', 'Đỗ Minh Đức', 'Khối 2_ Trung tâm Kỹ thuật công nghệ', 'Phòng phát triển phần mềm hệ thống viễn thông', 'Trưởng phòng Phát triển PM hệ thống viễn thông'),
(593, 'anhttv7', '116662', 'Trần Thị Vân Anh', 'Khối 2_ Trung tâm Kỹ thuật công nghệ', 'Phòng phát triển phần mềm hệ thống viễn thông', 'Kỹ sư Phát triển phần mềm'),
(594, 'tulm4', '182577', 'Lê Minh Tú', 'Khối 2_ Trung tâm Kỹ thuật công nghệ', 'Phòng phát triển phần mềm hệ thống viễn thông', 'Kỹ sư Phát triển phần mềm'),
(595, 'quyennm', '192595', 'Ngô Mạnh Quyền', 'Khối 2_ Trung tâm Kỹ thuật công nghệ', 'Phòng phát triển phần mềm hệ thống viễn thông', 'Kỹ sư Phát triển phần mềm'),
(596, 'anhnv144', '196197', 'Nguyễn Việt Anh', 'Khối 2_ Trung tâm Kỹ thuật công nghệ', 'Phòng phát triển phần mềm hệ thống viễn thông', 'Kỹ sư Phát triển phần mềm'),
(597, 'vuongnv61', '207779', 'Ngô Văn Vương', 'Khối 2_ Trung tâm Kỹ thuật công nghệ', 'Phòng phát triển phần mềm hệ thống viễn thông', 'Kỹ sư Phát triển phần mềm'),
(598, 'chinhvm', '217274', 'Vũ Minh Chính', 'Khối 2_ Trung tâm Kỹ thuật công nghệ', 'Phòng phát triển phần mềm hệ thống viễn thông', 'Kỹ sư Phát triển phần mềm'),
(599, 'hieulm4', '217275', 'Lê Minh Hiếu', 'Khối 2_ Trung tâm Kỹ thuật công nghệ', 'Phòng phát triển phần mềm hệ thống viễn thông', 'Kỹ sư Phát triển phần mềm'),
(600, 'sampv', '164175', 'Phạm Viết Sâm', 'Khối 2_ Trung tâm Kỹ thuật công nghệ', 'Phòng phát triển phần mềm hệ thống viễn thông', 'Kỹ sư Phát triển phần mềm'),
(601, 'hoanlv4', '207855', 'Lưu Văn Hoan', 'Khối 2_ Trung tâm Kỹ thuật công nghệ', 'Phòng phát triển phần mềm hệ thống viễn thông', 'Kỹ sư Phát triển phần mềm'),
(602, 'anhpt144', '208402', 'Phạm Tuấn Anh', 'Khối 2_ Trung tâm Kỹ thuật công nghệ', 'Phòng phát triển phần mềm hệ thống viễn thông', 'Kỹ sư Phát triển phần mềm'),
(603, 'ngoctd8', '208988', 'Trương Đại Ngọc', 'Khối 2_ Trung tâm Kỹ thuật công nghệ', 'Phòng phát triển phần mềm hệ thống viễn thông', 'Kỹ sư Phát triển phần mềm'),
(604, 'ngonc', '210358', 'Nguyễn Công Ngọ', 'Khối 2_ Trung tâm Kỹ thuật công nghệ', 'Phòng phát triển phần mềm hệ thống viễn thông', 'Kỹ sư Phát triển phần mềm'),
(605, 'namnd27', '213706', 'Nguyễn Đình Nam', 'Khối 2_ Trung tâm Kỹ thuật công nghệ', 'Phòng phát triển phần mềm hệ thống viễn thông', 'Kỹ sư Phát triển phần mềm'),
(606, 'hieubt11', '218689', 'Bùi Trung Hiếu', 'Khối 2_ Trung tâm Kỹ thuật công nghệ', 'Phòng phát triển phần mềm hệ thống viễn thông', 'Kỹ sư Phát triển phần mềm'),
(607, 'ducna20', '240802', 'Nguyễn Anh Đức', 'Khối 2_ Trung tâm Kỹ thuật công nghệ', 'Phòng phát triển phần mềm hệ thống viễn thông', 'Kỹ sư Phát triển phần mềm'),
(608, 'tungnv6', '122270', 'Nguyễn Viết Tùng', 'Khối 2_ Trung tâm Kỹ thuật công nghệ', 'Phòng phát triển phần mềm hệ thống viễn thông', 'Kỹ sư Phát triển phần mềm'),
(609, 'huyendt19', '196295', 'Đặng Thị Huyền', 'Khối 2_ Trung tâm Kỹ thuật công nghệ', 'Phòng phát triển phần mềm hệ thống viễn thông', 'Kỹ sư Phát triển phần mềm'),
(610, 'trunglvt', '204685', 'Lê Văn Thành Trung', 'Khối 2_ Trung tâm Kỹ thuật công nghệ', 'Phòng phát triển phần mềm hệ thống viễn thông', 'Kỹ sư Phát triển phần mềm'),
(611, 'huynv33', '204686', 'Nguyễn Văn Huy', 'Khối 2_ Trung tâm Kỹ thuật công nghệ', 'Phòng phát triển phần mềm hệ thống viễn thông', 'Kỹ sư Phát triển phần mềm'),
(612, 'binhdd5', '214477', 'Đỗ Đức Bình', 'Khối 2_ Trung tâm Kỹ thuật công nghệ', 'Phòng phát triển phần mềm hệ thống viễn thông', 'Kỹ sư Phát triển phần mềm'),
(613, 'trind6', '215093', 'Nguyễn Duy Trí', 'Khối 2_ Trung tâm Kỹ thuật công nghệ', 'Phòng phát triển phần mềm hệ thống viễn thông', 'Kỹ sư Phát triển phần mềm'),
(614, 'thanghv19', '215095', 'Hoàng Văn Thắng', 'Khối 2_ Trung tâm Kỹ thuật công nghệ', 'Phòng phát triển phần mềm hệ thống viễn thông', 'Kỹ sư Phát triển phần mềm'),
(615, 'khoanv17', '217278', 'Nguyễn Vĩnh Khoa', 'Khối 2_ Trung tâm Kỹ thuật công nghệ', 'Phòng phát triển phần mềm hệ thống viễn thông', 'Kỹ sư Phát triển phần mềm'),
(616, 'phongpt11', '218881', 'Phạm Thanh Phong', 'Khối 2_ Trung tâm Kỹ thuật công nghệ', 'Phòng phát triển phần mềm hệ thống viễn thông', 'Kỹ sư Phát triển phần mềm'),
(617, 'duongdh7', '229936', 'Đỗ Hoàng Dương', 'Khối 2_ Trung tâm Kỹ thuật công nghệ', 'Phòng phát triển phần mềm hệ thống viễn thông', 'Kỹ sư Phát triển phần mềm'),
(618, 'hoadx3', '231761', 'Dương Xuân Hòa', 'Khối 2_ Trung tâm Kỹ thuật công nghệ', 'Phòng phát triển phần mềm hệ thống viễn thông', 'Kỹ sư Phát triển phần mềm'),
(619, 'hungdp6', '235767', 'Doãn Phi Hùng', 'Khối 2_ Trung tâm Kỹ thuật công nghệ', 'Phòng phát triển phần mềm hệ thống viễn thông', 'Kỹ sư Phát triển phần mềm'),
(620, 'quanlh12', '240447', 'Lê Hồng Quân', 'Khối 2_ Trung tâm Kỹ thuật công nghệ', 'Phòng phát triển phần mềm hệ thống viễn thông', 'Kỹ sư Phát triển phần mềm'),
(621, 'huyendt44', '240738', 'Đào Thị Huyền', 'Khối 2_ Trung tâm Kỹ thuật công nghệ', 'Phòng phát triển phần mềm hệ thống viễn thông', 'Kỹ sư Phát triển phần mềm'),
(622, 'duyvv4', '196222', 'Vũ Văn Duy', 'Khối 2_ Trung tâm Kỹ thuật công nghệ', 'Phòng phát triển phần mềm hệ thống viễn thông', 'Kỹ sư Phát triển phần mềm'),
(623, 'taidvt', '204986', 'Đào Văn Tiến Tài', 'Khối 2_ Trung tâm Kỹ thuật công nghệ', 'Phòng phát triển phần mềm hệ thống viễn thông', 'Kỹ sư Phát triển phần mềm'),
(624, 'namcht', '206456', 'Chu Hữu Tiến Nam', 'Khối 2_ Trung tâm Kỹ thuật công nghệ', 'Phòng phát triển phần mềm hệ thống viễn thông', 'Kỹ sư Phát triển phần mềm'),
(625, 'chunglm', '208457', 'Lã Mạnh Chung', 'Khối 2_ Trung tâm Kỹ thuật công nghệ', 'Phòng phát triển phần mềm hệ thống viễn thông', 'Kỹ sư Phát triển phần mềm'),
(626, 'vuongdv3', '217281', 'Đỗ Việt Vương', 'Khối 2_ Trung tâm Kỹ thuật công nghệ', 'Phòng phát triển phần mềm hệ thống viễn thông', 'Kỹ sư Phát triển phần mềm'),
(627, 'dungptt7', '229294', 'Phan Thị Thùy Dung', 'Khối 2_ Trung tâm Kỹ thuật công nghệ', 'Phòng phát triển phần mềm hệ thống viễn thông', 'Kỹ sư Phát triển phần mềm'),
(628, 'minhnv44', '235019', 'Nguyễn Văn Minh', 'Khối 2_ Trung tâm Kỹ thuật công nghệ', 'Phòng phát triển phần mềm hệ thống viễn thông', 'Kỹ sư Phát triển phần mềm'),
(629, 'tuandn3', '158074', 'Đỗ Ngọc Tuấn', 'Khối 2_ Trung tâm Kỹ thuật công nghệ', 'Phòng xử lý thông tin và truyền thông', 'Phó phòng XLTT và truyền thông'),
(630, 'hiepnh3', '083801', 'Nguyễn Hoàng Hiệp', 'Khối 2_ Trung tâm Kỹ thuật công nghệ', 'Phòng xử lý thông tin và truyền thông', 'Kỹ sư Phát triển giao thức mạng'),
(631, 'huynp5', '084912', 'Nguyễn Phú Huy', 'Khối 2_ Trung tâm Kỹ thuật công nghệ', 'Phòng xử lý thông tin và truyền thông', 'Kỹ sư Phát triển giao thức mạng'),
(632, 'trongnv18', '180454', 'Nguyễn Văn Trọng', 'Khối 2_ Trung tâm Kỹ thuật công nghệ', 'Phòng xử lý thông tin và truyền thông', 'Kỹ sư Giải pháp công nghệ'),
(633, 'quydv4', '206802', 'Đặng Văn Quý', 'Khối 2_ Trung tâm Kỹ thuật công nghệ', 'Phòng xử lý thông tin và truyền thông', 'Kỹ sư Phát triển thuật toán'),
(634, 'hoanpd2', '209555', 'Phạm Duy Hoan', 'Khối 2_ Trung tâm Kỹ thuật công nghệ', 'Phòng xử lý thông tin và truyền thông', 'Kỹ sư Xử lý thông tin và tín hiệu'),
(635, 'sondh8', '214703', 'Đặng Hoài Sơn', 'Khối 2_ Trung tâm Kỹ thuật công nghệ', 'Phòng xử lý thông tin và truyền thông', 'Kỹ sư Xử lý thông tin và tín hiệu'),
(636, 'tuntt3', '227796', 'Nguyễn Thị Thanh Tú', 'Khối 2_ Trung tâm Kỹ thuật công nghệ', 'Phòng xử lý thông tin và truyền thông', 'Kỹ sư Xử lý tín hiệu'),
(637, 'longnh27', '229295', 'Nguyễn Hoàng Long', 'Khối 2_ Trung tâm Kỹ thuật công nghệ', 'Phòng xử lý thông tin và truyền thông', 'Kỹ sư Xử lý tín hiệu'),
(638, 'thangnvh', '229396', 'Nguyễn Văn Hồng Thắng', 'Khối 2_ Trung tâm Kỹ thuật công nghệ', 'Phòng xử lý thông tin và truyền thông', 'Kỹ sư Xử lý tín hiệu'),
(639, 'trungpk', '231354', 'Phạm Khánh Trung', 'Khối 2_ Trung tâm Kỹ thuật công nghệ', 'Phòng xử lý thông tin và truyền thông', 'Kỹ sư Xử lý tín hiệu'),
(640, 'haipn9', '231356', 'Phạm Ngọc Hải', 'Khối 2_ Trung tâm Kỹ thuật công nghệ', 'Phòng xử lý thông tin và truyền thông', 'Kỹ sư Xử lý tín hiệu'),
(641, 'tuongbd', '235289', 'Bùi Đức Tường', 'Khối 2_ Trung tâm Kỹ thuật công nghệ', 'Phòng xử lý thông tin và truyền thông', 'Kỹ sư Xử lý tín hiệu'),
(642, 'thonghv5', '235952', 'Huỳnh Việt Thống', 'Khối 2_ Trung tâm Kỹ thuật công nghệ', 'Phòng xử lý thông tin và truyền thông', 'Kỹ sư Xử lý tín hiệu'),
(643, 'thinhcm1', '186418', 'Cao Minh Thịnh', 'Khối 2_ Trung tâm Kỹ thuật công nghệ', 'Phòng xử lý thông tin và truyền thông', 'Kỹ sư Nghiên cứu giao thức mạng'),
(644, 'khanhnp1', '202596', 'Nguyễn Phúc Khánh', 'Khối 2_ Trung tâm Kỹ thuật công nghệ', 'Phòng xử lý thông tin và truyền thông', 'Kỹ sư Phát triển hệ điều hành'),
(645, 'binhlv61', '208458', 'Lê Văn Bình', 'Khối 2_ Trung tâm Kỹ thuật công nghệ', 'Phòng xử lý thông tin và truyền thông', 'Kỹ sư Phát triển giao thức mạng'),
(646, 'namnh471', '208459', 'Nguyễn Hải Nam', 'Khối 2_ Trung tâm Kỹ thuật công nghệ', 'Phòng xử lý thông tin và truyền thông', 'Kỹ sư Nghiên cứu giao thức mạng'),
(647, 'trongtt3', '215825', 'Trần Tất Trọng', 'Khối 2_ Trung tâm Kỹ thuật công nghệ', 'Phòng xử lý thông tin và truyền thông', 'Kỹ sư Nghiên cứu giao thức mạng'),
(648, 'khiembq', '216837', 'Bùi Quang Khiêm', 'Khối 2_ Trung tâm Kỹ thuật công nghệ', 'Phòng xử lý thông tin và truyền thông', 'Kỹ sư Phát triển giao thức mạng'),
(649, 'linhpt21', '218643', 'Phạm Thị Linh', 'Khối 2_ Trung tâm Kỹ thuật công nghệ', 'Phòng xử lý thông tin và truyền thông', 'Kỹ sư Phát triển giao thức mạng'),
(650, 'dungnh23', '222500', 'Nguyễn Hữu Dũng', 'Khối 2_ Trung tâm Kỹ thuật công nghệ', 'Phòng xử lý thông tin và truyền thông', 'Kỹ sư Phát triển giao thức mạng'),
(651, 'hoangtu1', '227746', 'Trần Uy Hoàng', 'Khối 2_ Trung tâm Kỹ thuật công nghệ', 'Phòng xử lý thông tin và truyền thông', 'Kỹ sư Phát triển giao thức mạng'),
(652, 'tuongnk2', '228398', 'Nguyễn Khánh Tường', 'Khối 2_ Trung tâm Kỹ thuật công nghệ', 'Phòng xử lý thông tin và truyền thông', 'Kỹ sư Phát triển giao thức mạng'),
(653, 'datnt76', '228400', 'Nguyễn Thành Đạt', 'Khối 2_ Trung tâm Kỹ thuật công nghệ', 'Phòng xử lý thông tin và truyền thông', 'Kỹ sư Phát triển giao thức mạng'),
(654, 'phuongnt198', '228880', 'Nguyễn Thị Phượng', 'Khối 2_ Trung tâm Kỹ thuật công nghệ', 'Phòng xử lý thông tin và truyền thông', 'Kỹ sư Phát triển giao thức mạng'),
(655, 'tuanhm24', '235015', 'Hoàng Minh Tuấn', 'Khối 2_ Trung tâm Kỹ thuật công nghệ', 'Phòng xử lý thông tin và truyền thông', 'Kỹ sư Phát triển giao thức mạng'),
(656, 'chitc', '235652', 'Trần Cẩm Chi', 'Khối 2_ Trung tâm Kỹ thuật công nghệ', 'Phòng xử lý thông tin và truyền thông', 'Kỹ sư Phát triển giao thức mạng'),
(657, 'tunglh4', '236497', 'Lê Huy Tùng', 'Khối 2_ Trung tâm Kỹ thuật công nghệ', 'Phòng xử lý thông tin và truyền thông', 'Kỹ sư Nghiên cứu giao thức mạng'),
(658, 'khapm1', '237780', 'Phùng Mạnh Kha', 'Khối 2_ Trung tâm Kỹ thuật công nghệ', 'Phòng xử lý thông tin và truyền thông', 'Kỹ sư Phát triển giao thức mạng'),
(659, 'huynd37', '240864', 'Nguyễn Đình Huy', 'Khối 2_ Trung tâm Kỹ thuật công nghệ', 'Phòng xử lý thông tin và truyền thông', 'Kỹ sư Phát triển giao thức mạng'),
(660, 'quyln3', '196174', 'Lê Ngọc Quý', 'Khối 2_ Trung tâm Kỹ thuật công nghệ', 'Phòng Thiết kế FPGA', 'Trưởng phòng Thiết kế FPGA'),
(661, 'banglt2', '206262', 'Lê Thanh Bằng', 'Khối 2_ Trung tâm Kỹ thuật công nghệ', 'Phòng Thiết kế FPGA', 'Phó phòng Thiết kế FPGA'),
(662, 'huyvd4', '222498', 'Vương Đăng Huy', 'Khối 2_ Trung tâm Kỹ thuật công nghệ', 'Phòng Thiết kế FPGA', 'Kỹ sư Phát triển thuật toán'),
(663, 'trungnc10', '226773', 'Nguyễn Cảnh Trung', 'Khối 2_ Trung tâm Kỹ thuật công nghệ', 'Phòng Thiết kế FPGA', 'Kỹ sư Phát triển thuật toán'),
(664, 'hoannd8', '228293', 'Nguyễn Đức Hoàn', 'Khối 2_ Trung tâm Kỹ thuật công nghệ', 'Phòng Thiết kế FPGA', 'Kỹ sư Phát triển thuật toán'),
(665, 'tuanpa44', '235955', 'Phạm Anh Tuấn', 'Khối 2_ Trung tâm Kỹ thuật công nghệ', 'Phòng Thiết kế FPGA', 'Kỹ sư Phát triển thuật toán'),
(666, 'haidv27', '237560', 'Dương Văn Hải', 'Khối 2_ Trung tâm Kỹ thuật công nghệ', 'Phòng Thiết kế FPGA', 'Kỹ sư Phát triển thuật toán'),
(667, 'thanhtd9', '149273', 'Tống Đức Thành', 'Khối 2_ Trung tâm Kỹ thuật công nghệ', 'Phòng Thiết kế FPGA', 'Kỹ sư Phát triển FPGA'),
(668, 'thangnx14', '198497', 'Nguyễn Xuân Thắng', 'Khối 2_ Trung tâm Kỹ thuật công nghệ', 'Phòng Thiết kế FPGA', 'Kỹ sư Phát triển FPGA'),
(669, 'huyhh1', '216020', 'Hồ Hoàng Huy', 'Khối 2_ Trung tâm Kỹ thuật công nghệ', 'Phòng Thiết kế FPGA', 'Kỹ sư Phát triển FPGA'),
(670, 'huynhnv7', '227950', 'Nguyễn Văn Huynh', 'Khối 2_ Trung tâm Kỹ thuật công nghệ', 'Phòng Thiết kế FPGA', 'Kỹ sư Phát triển FPGA'),
(671, 'hieunt77', '231579', 'Nguyễn Trung Hiếu', 'Khối 2_ Trung tâm Kỹ thuật công nghệ', 'Phòng Thiết kế FPGA', 'Kỹ sư Phát triển FPGA'),
(672, 'laptv', '118970', 'Từ Văn Lập', 'Khối 2_ Trung tâm Kỹ thuật công nghệ', 'Phòng Thiết kế FPGA', 'Kỹ sư Phát triển FPGA'),
(673, 'sangnt11', '196202', 'Nguyễn Tiến Sáng', 'Khối 2_ Trung tâm Kỹ thuật công nghệ', 'Phòng Thiết kế FPGA', 'Kỹ sư Phát triển FPGA'),
(674, 'vanvt21', '232238', 'Võ Thành Văn', 'Khối 2_ Trung tâm Kỹ thuật công nghệ', 'Phòng Thiết kế FPGA', 'Kỹ sư Phát triển FPGA'),
(675, 'huyld6', '234328', 'Lê Đức Huy', 'Khối 2_ Trung tâm Kỹ thuật công nghệ', 'Phòng Thiết kế FPGA', 'Kỹ sư Phát triển FPGA'),
(676, 'namhh9', '239136', 'Hồ Hải Nam', 'Khối 2_ Trung tâm Kỹ thuật công nghệ', 'Phòng Thiết kế FPGA', 'Kỹ sư Phát triển FPGA'),
(677, 'kiennt453', '213925', 'Nguyễn Trung Kiên', 'Khối 3 - TCT CNC', 'Ban Giám đốc', 'Giám đốc Khối'),
(678, 'halt47', '096796', 'Lê Thái Hà', 'Khối 3 - TCT CNC', 'Trung tâm Chip 5G', 'Kỹ sư Hệ thống'),
(679, 'huybn1', '226216', 'Bùi Ngọc Huy', 'Khối 3 - TCT CNC', 'Trung tâm Chip 5G', 'Kỹ sư Hệ thống'),
(680, 'huydx8', '229799', 'Dương Xuân Huy', 'Khối 3 - TCT CNC', 'Trung tâm Chip 5G', 'Kỹ sư Hệ thống'),
(681, 'dinhnx1', '231493', 'Nguyễn Xuân Định', 'Khối 3 - TCT CNC', 'Trung tâm Chip 5G', 'Kỹ sư Hệ thống'),
(682, 'cuongpt12', '232072', 'Phạm Thế Cường', 'Khối 3 - TCT CNC', 'Trung tâm Chip 5G', 'Kỹ sư Hệ thống'),
(683, 'chatbq', '232101', 'Bùi Quang Chất', 'Khối 3 - TCT CNC', 'Trung tâm Chip 5G', 'Kỹ sư Hệ thống'),
(684, 'hiepdm1', '231492', 'Đào Mạnh Hiệp', 'Khối 3 - TCT CNC', 'Trung tâm Chip 5G', 'Kỹ sư Phát triển phần mềm'),
(685, 'sonbv7', '234011', 'Bùi Việt Sơn', 'Khối 3 - TCT CNC', 'Trung tâm Chip 5G', 'Kỹ sư Phát triển phần mềm'),
(686, 'hoaint32', '237270', 'Nguyễn Thị Hoài', 'Khối 3 - TCT CNC', 'Trung tâm Chip 5G', 'Kỹ sư Phát triển phần mềm'),
(687, 'haibt15', '237525', 'Bùi Tuấn Hải', 'Khối 3 - TCT CNC', 'Trung tâm Chip 5G', 'Kỹ sư Phát triển phần mềm'),
(688, 'nguyenpd2', '237526', 'Phùng Đình Nguyên', 'Khối 3 - TCT CNC', 'Trung tâm Chip 5G', 'Kỹ sư Phát triển phần mềm'),
(689, 'namnh472', '211328', 'Nguyễn Hoài Nam', 'Khối 3 - TCT CNC', 'Trung tâm Chip 5G', 'Kỹ sư Thiết kế cao tần'),
(690, 'xuanmd', '237524', 'Mai Đông Xuân', 'Khối 3 - TCT CNC', 'Trung tâm Chip 5G', 'Kỹ sư Thiết kế cao tần'),
(691, 'tiennn11', '237966', 'Nguyễn Ngọc Tiền', 'Khối 3 - TCT CNC', 'Trung tâm Chip 5G', 'Kỹ sư Thiết kế cao tần'),
(692, 'anhnmh1', '219449', 'Nguyễn Minh Hoàng Anh', 'Khối 3 - TCT CNC', 'Trung tâm Chip 5G', 'Kỹ sư Phần mềm nhúng'),
(693, 'hungnv142', '234038', 'Nguyễn Việt Hưng', 'Khối 3 - TCT CNC', 'Trung tâm Chip 5G', 'Kỹ sư Phần mềm nhúng'),
(694, 'namph2', '084439', 'Phạm Hoài Nam', 'Khối 3 - TCT CNC', 'Trung tâm Chip 5G', 'Kỹ sư Kiểm soát chất lượng (QC)'),
(695, 'gianghh2', '093639', 'Hà Hương Giang', 'Khối 3 - TCT CNC', 'Phòng Kỹ thuật công nghệ', 'Kỹ sư Phát triển sản phẩm'),
(696, 'thuongpt11', '240416', 'Phạm Thị Thương', 'Khối 2_ Trung tâm Kỹ thuật công nghệ', 'Phòng Kiểm thử', 'Kỹ sư Kiểm thử'),
(697, 'thanhnt113', '228396', 'Nguyễn Thị Thanh', 'Khối 2_ Trung tâm Kỹ thuật công nghệ', 'Phòng Kiểm thử', 'Kỹ sư Kiểm thử'),
(698, 'hungtv69', '240376', 'Tạ Văn Hùng', 'Khối 2_ Trung tâm Kỹ thuật công nghệ', 'Phòng Phần mềm ứng dụng', 'Kỹ sư Phát triển phần mềm'),
(699, 'hungnp22', '240354', 'Nguyễn Phi Hùng', 'Khối 2_ Trung tâm Kỹ thuật công nghệ', 'Phòng Phần mềm ứng dụng', 'Kỹ sư Phát triển phần mềm'),
(700, 'ducnm43', '208987', 'Nguyễn Minh Đức', 'Khối 2-Trung tâm dịch vụ sau bán hàng', 'Phòng Hỗ trợ kỹ thuật', 'Kỹ sư Hỗ trợ kỹ thuật'),
(701, 'thaolt37', '220154', 'Lê Trọng Thảo', 'Khối 2_ Trung tâm Kỹ thuật công nghệ', 'Phòng Phần mềm ứng dụng', 'Kỹ sư Phát triển phần mềm'),
(702, 'khuyenbt2', '227615', 'Bùi Thị Khuyên', 'Khối cơ quan - TCT CNC', 'Phòng Tổ chức lao động', 'CTV nghiệp vụ_quân số'),
(703, 'tungns9', '196184', 'Nguyễn Sơn Tùng', 'Khối cơ quan - TCT CNC', 'Phòng Công nghệ thông tin', 'CTV nghiệp vụ_triển khai hạ tầng'),
(704, 'linhttp', '149053', 'Trịnh Thị Phương Linh', 'Khối cơ quan - TCT CNC', 'Phòng Hành chính', 'CTV khoán việc_Lễ tân'),
(705, 'tientd7', '185482', 'Trần Duy Tiến', 'Khối cơ quan - TCT CNC', 'Phòng Hành chính', 'CTV Nghiệp vụ_Kỹ thuật'),
(706, 'phuongnt82', '202133', 'Nguyễn Thu Phương', 'Khối cơ quan - TCT CNC', 'Phòng Hành chính', 'CTV nghiệp vụ_Hành chính'),
(707, 'maipt7', '149073', 'Phạm Thị Mai', 'Khối cơ quan - TCT CNC', 'Phòng Hành chính', 'CTV Khoán việc_Nấu ăn'),
(708, 'tranbinh', '003992', 'Trần Văn Bình', 'Khối cơ quan - TCT CNC', 'Phòng Khoa học công nghệ', 'CTV nghiệp vụ_chuyên gia'),
(709, 'linhtm5', '196201', 'Trần Mạnh Linh', 'Trung tâm Mua sắm - TCT CNC', 'Phòng Đảm bảo hàng hóa', 'CTV nghiệp vụ_quản lý tài sản, kho'),
(710, 'landtt3', 'D00209554', 'Đào Thị Tuyết Lan', 'Trung tâm Mua sắm - TCT CNC', 'Phòng Đảm bảo hàng hóa', 'CTV khoán việc_tư vấn kỹ thuật'),
(711, 'dungnt125', '120475', 'Nguyễn Tiến Dũng', 'Trung tâm Đảm bảo chất lượng - TCT CNC', 'Phòng Quản lý tiêu chuẩn và quy trình', 'CTV Nghiệp vụ_Kỹ thuật'),
(743, 'dinhbm', '205226', 'Bùi Minh Định', 'Khối 2_ Trung tâm Kỹ thuật công nghệ', 'Phòng Cơ khí', 'CTV khoán việc_chuyên gia bán thời gian'),
(744, 'thuylm', '230117', 'Lê Minh Thùy', 'Khối 2_ Trung tâm Kỹ thuật công nghệ', 'Phòng Thiết kế phần cứng', 'CTV khoán việc_chuyên gia bán thời gian'),
(745, 'kientt19', '211483', 'Trương Trung Kiên', 'Khối 2_ Trung tâm Kỹ thuật công nghệ', 'Phòng xử lý thông tin và truyền thông', 'CTV khoán việc_chuyên gia bán thời gian'),
(760, 'thunv8', '220611', 'Ngô Văn Thư', 'Khối 2 - TCT CNC', 'Phòng Quản lý sản xuất', 'CTV khoán việc_chuyên gia bán thời gian'),
(761, 'thangnm', '057995', 'Nghiêm Minh Thắng', 'Khối cơ quan - TCT CNC', 'Phòng chiến lược', 'Chuyên viên Nghiên cứu Chiến lược'),
(762, 'luongnb', '056995', 'Nguyễn Bá Lượng', 'Khối 2 - TCT CNC', 'Trung tâm Nghiên cứu thiết bị vô tuyến băng rộng', 'Kỹ sư trưởng công nghệ'),
(763, 'tunh4', '098698', 'Nguyễn Hạc Tú', 'Khối 2-Trung tâm dịch vụ sau bán hàng', '', 'TRưởng phòng'),
(764, 'dungnm9', '175275', 'Nguyễn Mạnh Dũng', 'Khối 2-Trung tâm dịch vụ sau bán hàng', '', 'Kỹ sư Hỗ trợ kỹ thuật'),
(765, 'thainv18', '189542', 'Nguyễn Văn Thái', 'Khối 2-Trung tâm dịch vụ sau bán hàng', '', 'Kỹ sư Hỗ trợ kỹ thuật');

--
-- Indexes for dumped tables
--

--
-- Indexes for table `chi_so_veco`
--
ALTER TABLE `chi_so_veco`
  ADD PRIMARY KEY (`id`),
  ADD KEY `don_vi_id` (`don_vi_id`),
  ADD KEY `tuy_chon_id` (`tuy_chon_id`);

--
-- Indexes for table `chi_so_voffice`
--
ALTER TABLE `chi_so_voffice`
  ADD PRIMARY KEY (`id`),
  ADD KEY `user_id` (`user_id`),
  ADD KEY `tuy_chon_id` (`tuy_chon_id`);

--
-- Indexes for table `don_vi`
--
ALTER TABLE `don_vi`
  ADD PRIMARY KEY (`id`);

--
-- Indexes for table `du_an`
--
ALTER TABLE `du_an`
  ADD PRIMARY KEY (`id`);

--
-- Indexes for table `kpi_quytrinh`
--
ALTER TABLE `kpi_quytrinh`
  ADD PRIMARY KEY (`id`),
  ADD KEY `quy_trinh_id` (`quy_trinh_id`),
  ADD KEY `du_an_id` (`du_an_id`);

--
-- Indexes for table `kpi_veco`
--
ALTER TABLE `kpi_veco`
  ADD PRIMARY KEY (`id`),
  ADD KEY `don_vi_id` (`don_vi_id`),
  ADD KEY `tuy_chon_id` (`tuy_chon_id`);

--
-- Indexes for table `quy_trinh`
--
ALTER TABLE `quy_trinh`
  ADD PRIMARY KEY (`id`);

--
-- Indexes for table `tuy_chon`
--
ALTER TABLE `tuy_chon`
  ADD PRIMARY KEY (`id`);

--
-- Indexes for table `user`
--
ALTER TABLE `user`
  ADD PRIMARY KEY (`id`);

--
-- Indexes for table `users`
--
ALTER TABLE `users`
  ADD PRIMARY KEY (`id`);

--
-- AUTO_INCREMENT for dumped tables
--

--
-- AUTO_INCREMENT for table `chi_so_veco`
--
ALTER TABLE `chi_so_veco`
  MODIFY `id` int(11) NOT NULL AUTO_INCREMENT, AUTO_INCREMENT=539;
--
-- AUTO_INCREMENT for table `chi_so_voffice`
--
ALTER TABLE `chi_so_voffice`
  MODIFY `id` int(11) NOT NULL AUTO_INCREMENT, AUTO_INCREMENT=628;
--
-- AUTO_INCREMENT for table `don_vi`
--
ALTER TABLE `don_vi`
  MODIFY `id` int(11) NOT NULL AUTO_INCREMENT, AUTO_INCREMENT=38;
--
-- AUTO_INCREMENT for table `du_an`
--
ALTER TABLE `du_an`
  MODIFY `id` int(11) NOT NULL AUTO_INCREMENT, AUTO_INCREMENT=22;
--
-- AUTO_INCREMENT for table `kpi_quytrinh`
--
ALTER TABLE `kpi_quytrinh`
  MODIFY `id` int(11) NOT NULL AUTO_INCREMENT, AUTO_INCREMENT=147;
--
-- AUTO_INCREMENT for table `kpi_veco`
--
ALTER TABLE `kpi_veco`
  MODIFY `id` int(11) NOT NULL AUTO_INCREMENT, AUTO_INCREMENT=292;
--
-- AUTO_INCREMENT for table `quy_trinh`
--
ALTER TABLE `quy_trinh`
  MODIFY `id` int(11) NOT NULL AUTO_INCREMENT, AUTO_INCREMENT=9;
--
-- AUTO_INCREMENT for table `tuy_chon`
--
ALTER TABLE `tuy_chon`
  MODIFY `id` int(11) NOT NULL AUTO_INCREMENT, AUTO_INCREMENT=24;
--
-- AUTO_INCREMENT for table `user`
--
ALTER TABLE `user`
  MODIFY `id` int(11) NOT NULL AUTO_INCREMENT, AUTO_INCREMENT=63;
--
-- AUTO_INCREMENT for table `users`
--
ALTER TABLE `users`
  MODIFY `id` int(11) NOT NULL AUTO_INCREMENT, AUTO_INCREMENT=766;
--
-- Constraints for dumped tables
--

--
-- Constraints for table `chi_so_veco`
--
ALTER TABLE `chi_so_veco`
  ADD CONSTRAINT `chi_so_veco_ibfk_1` FOREIGN KEY (`don_vi_id`) REFERENCES `don_vi` (`id`),
  ADD CONSTRAINT `chi_so_veco_ibfk_2` FOREIGN KEY (`tuy_chon_id`) REFERENCES `tuy_chon` (`id`);

--
-- Constraints for table `chi_so_voffice`
--
ALTER TABLE `chi_so_voffice`
  ADD CONSTRAINT `chi_so_voffice_ibfk_1` FOREIGN KEY (`user_id`) REFERENCES `user` (`id`),
  ADD CONSTRAINT `chi_so_voffice_ibfk_2` FOREIGN KEY (`tuy_chon_id`) REFERENCES `tuy_chon` (`id`);

--
-- Constraints for table `kpi_quytrinh`
--
ALTER TABLE `kpi_quytrinh`
  ADD CONSTRAINT `kpi_quytrinh_ibfk_1` FOREIGN KEY (`quy_trinh_id`) REFERENCES `quy_trinh` (`id`),
  ADD CONSTRAINT `kpi_quytrinh_ibfk_2` FOREIGN KEY (`du_an_id`) REFERENCES `du_an` (`id`);

--
-- Constraints for table `kpi_veco`
--
ALTER TABLE `kpi_veco`
  ADD CONSTRAINT `kpi_veco_ibfk_1` FOREIGN KEY (`don_vi_id`) REFERENCES `don_vi` (`id`),
  ADD CONSTRAINT `kpi_veco_ibfk_2` FOREIGN KEY (`tuy_chon_id`) REFERENCES `tuy_chon` (`id`);

/*!40101 SET CHARACTER_SET_CLIENT=@OLD_CHARACTER_SET_CLIENT */;
/*!40101 SET CHARACTER_SET_RESULTS=@OLD_CHARACTER_SET_RESULTS */;
/*!40101 SET COLLATION_CONNECTION=@OLD_COLLATION_CONNECTION */;
